SimulationID,Player1Hand,Player2Hand,GameStage,CommunityCards,P1Win_Map,P2Win_Map,Tie_Map,Time_Map,P1Win_Hash,P2Win_Hash,Tie_Hash,Time_Hash
1,"5h 10h ","6d 6s ",flop,"4s 3d 7c ",10,90,0,3,16,84,0,3
2,"3s 6s ","10h 8c ",flop,"2c Ac 5s ",42,57,1,3,42,56,2,3
3,"3c 9s ","Jd 5c ",turn,"4s Kc 2d 6s ",14,86,0,2,10,90,0,2
4,"Kd 9d ","3s 5c ",river,"2c Ad Ks 7d 4c ",0,100,0,2,0,100,0,2
5,"6c Kd ","Ac Qd ",river,"Ah Qs 7h 8s 10s ",0,100,0,3,0,100,0,3
6,"10h 2d ","8d 2s ",river,"Ah Js Jd 3d 7h ",100,0,0,2,100,0,0,3
7,"Qs 2h ","7c 3h ",flop,"9h Kc Qc ",91,5,4,3,88,8,4,3
8,"Qs 10s ","3h 10d ",turn,"8s 4s 8d 9c ",96,2,2,3,94,5,1,3
9,"Kd 7h ","5s 3d ",preflop,"",68,32,0,3,62,38,0,2
10,"3h 3s ","5d 6h ",turn,"Kd 8h 4s Ks ",58,32,10,3,77,19,4,3
11,"9c 7s ","6s 6h ",river,"Jh 9s 2c 2d 3c ",100,0,0,3,100,0,0,3
12,"Jd 5h ","Qs 8h ",preflop,"",37,61,2,3,35,64,1,3
13,"8c 10h ","8s 3c ",turn,"Ad 4s 8h Kh ",55,8,37,3,56,8,36,3
14,"2c 7h ","Qh Jh ",preflop,"",28,69,3,2,28,69,3,3
15,"7d Qc ","7c Jd ",river,"Ad 3d Ac 10c 9s ",100,0,0,3,100,0,0,3
16,"Qd 10c ","9c 3h ",flop,"4d Jc Jd ",75,18,7,2,76,16,8,3
17,"Ks 9s ","3c Jc ",river,"Kc 6h Kh 4d Jd ",100,0,0,3,100,0,0,3
18,"Qs Qc ","9s 8h ",turn,"Ks Jc Ah 10h ",100,0,0,3,100,0,0,3
19,"Qh Kc ","9d Qc ",river,"9c 7c 6s 4h Jd ",0,100,0,3,0,100,0,3
20,"6d Qh ","Qd Qc ",river,"4h 9c 3s 3h Qs ",0,100,0,3,0,100,0,3
21,"Jc 9c ","4s 5h ",flop,"4c 8h Qs ",41,59,0,3,46,54,0,3
22,"7c 9c ","Jd Js ",turn,"7h 4c 5c 8s ",39,61,0,3,44,56,0,3
23,"7h 6h ","Kc 4h ",river,"7s Qd Ah 6c 5h ",100,0,0,3,100,0,0,3
24,"6h Kd ","8s 6c ",river,"5c 3c 9d 10s 10d ",100,0,0,3,100,0,0,3
25,"Js 7d ","Qd Ks ",turn,"Kc 10d 4c Ad ",10,90,0,3,4,96,0,3
26,"8h Kd ","3s As ",flop,"Js 4d 8c ",80,20,0,3,84,16,0,3
27,"Qs 7d ","10d 2c ",river,"2s 4c 3s 5h 3c ",0,100,0,3,0,100,0,3
28,"9d 4d ","7h 9s ",preflop,"",29,44,27,3,29,51,20,3
29,"9d 10h ","2c 6d ",flop,"Js Qd 8c ",99,0,1,3,97,3,0,3
30,"Jh 3s ","Kh 10c ",flop,"7d 8s Qc ",24,75,1,3,22,77,1,3
31,"Qh 7s ","7h 7d ",flop,"Kh 6s 10s ",19,81,0,3,22,78,0,3
32,"10d Jd ","5h 6s ",turn,"3c Ks 4s 2d ",0,100,0,2,0,100,0,3
33,"4c Kh ","Qd Ad ",preflop,"",30,67,3,3,32,68,0,3
34,"2h Kc ","5h 8h ",flop,"4d 9d 4h ",67,27,6,3,66,28,6,3
35,"2h 10d ","2c 7h ",flop,"Ad Qs 6h ",79,10,11,3,70,20,10,3
36,"4c 9s ","Jh 7c ",turn,"10c 10s Js 8c ",18,82,0,3,18,82,0,3
37,"7c 6d ","8s Jh ",turn,"Ad Qc 2c Kc ",35,59,6,3,36,59,5,3
38,"4d Ac ","7c 3d ",turn,"10h 9c As 10c ",100,0,0,3,100,0,0,3
39,"Jh 8c ","9s 5c ",turn,"10c Qd Qs 5s ",32,68,0,3,23,77,0,3
40,"4h Jc ","Qh Ac ",river,"8c Qd Ah Kd 7c ",0,100,0,3,0,100,0,3
41,"Ad 5d ","8d Kd ",turn,"2h 6d Jh 10c ",87,13,0,3,89,11,0,3
42,"2d Kh ","9c 5h ",preflop,"",51,49,0,3,59,41,0,3
43,"8c 10c ","7d 3h ",flop,"Ks 4s Kd ",68,25,7,3,71,17,12,3
44,"6s 10c ","3h 7c ",river,"4h 5c 10s 8c 9c ",100,0,0,3,100,0,0,3
45,"9h Jh ","9d 6s ",river,"3c 9c Js Ad 5d ",100,0,0,3,100,0,0,3
46,"7s 6d ","Kh 6s ",flop,"3c 5c 5h ",35,52,13,3,26,62,12,3
47,"4d Kc ","Ac 6d ",preflop,"",38,62,0,3,25,75,0,3
48,"Kh 7c ","8s Ah ",turn,"7s As Kc Js ",63,37,0,3,64,36,0,3
49,"10h 10c ","4s 9h ",flop,"Kc 3d 6d ",99,1,0,3,96,4,0,3
50,"8h 3d ","7d 2d ",flop,"6c 6h 4d ",64,26,10,3,65,19,16,3
51,"8h 2h ","2d Jh ",preflop,"",17,73,10,3,27,67,6,3
52,"Ac Qd ","8c 5h ",river,"6h 7h 4h Kc Jc ",0,100,0,3,0,100,0,3
53,"8h 5s ","Ks Qs ",turn,"3s Jc 3d 5c ",88,12,0,2,86,14,0,3
54,"Kh 8d ","5d 4c ",flop,"6s Qc Jd ",78,22,0,3,69,31,0,3
55,"8d 10s ","9h Ac ",flop,"As 9s 5c ",11,89,0,3,7,93,0,3
56,"6d 8s ","Ac 10h ",preflop,"",35,63,2,3,34,65,1,3
57,"7d 10d ","3h 10h ",flop,"2d 4s 4d ",66,4,30,3,52,12,36,3
58,"10h 4s ","8h Jh ",preflop,"",40,57,3,3,31,66,3,3
59,"4s As ","2d Jh ",turn,"5c 5d Ac 8d ",100,0,0,3,100,0,0,3
60,"6s 4d ","4s 6h ",river,"4c 6d 9s 9d Qh ",0,0,100,3,0,0,100,3
61,"Jc Kd ","10s 2d ",turn,"4d Qd 8c 7h ",86,14,0,3,84,16,0,3
62,"9s 7h ","3h 6c ",river,"2h Jc 3d Js 2s ",0,100,0,3,0,100,0,3
63,"9c Qc ","10c 9s ",turn,"Js 4h 6c Qh ",86,14,0,3,80,20,0,3
64,"9s 7d ","6h 4d ",turn,"Ad 8c 5s Jc ",93,7,0,3,87,13,0,3
65,"Qd Jd ","6s 10c ",flop,"10h 2c 4d ",35,65,0,3,27,73,0,3
66,"As 7h ","Qd 10d ",flop,"10s 4s 4h ",19,81,0,3,15,85,0,3
67,"5c 6s ","Qh Jh ",river,"9d 3s Kd Qs 2h ",0,100,0,3,0,100,0,3
68,"Ac Js ","7c Ks ",flop,"Jh 10h Kd ",27,69,4,3,34,66,0,3
69,"Ad 2s ","5h 6h ",turn,"Ac 7c Ah 7d ",100,0,0,3,100,0,0,3
70,"10s 2c ","Qc 3c ",river,"2d 5d 3h 5s 8c ",0,100,0,3,0,100,0,3
71,"6h 8h ","10c 8d ",flop,"Ac 10s Ad ",0,98,2,3,2,97,1,3
72,"Qh 2s ","9h 8d ",preflop,"",59,40,1,3,59,40,1,3
73,"5d 4h ","Ad 6h ",turn,"Qd 2d 7s Qc ",14,81,5,3,14,83,3,3
74,"5c 5s ","2d Ah ",preflop,"",70,30,0,3,73,27,0,3
75,"2h Ac ","3h As ",river,"9h 3c Jd 9s 10c ",0,100,0,3,0,100,0,3
76,"8c 8d ","6h Ac ",turn,"8s 6d 9h 5s ",100,0,0,3,100,0,0,3
77,"7h 10s ","4d Ks ",preflop,"",45,54,1,3,38,61,1,3
78,"2d Qc ","6c 10h ",flop,"Ac 10d 9c ",16,84,0,3,19,81,0,3
79,"9c 8d ","6c 5c ",turn,"4c 7c 10c Kc ",92,8,0,3,97,3,0,4
80,"Ah Qd ","10s 7c ",turn,"2c Qs Qh 4d ",100,0,0,3,100,0,0,3
81,"9h Js ","4s 3s ",river,"10s 2s Jh 8s 4c ",0,100,0,3,0,100,0,3
82,"5s 2s ","7d 6d ",flop,"9d Jd Ks ",19,61,20,3,13,66,21,3
83,"4s Ad ","Qc 8s ",river,"9h 2h 3d Ac 6c ",100,0,0,3,100,0,0,3
84,"5c 5s ","7h Qh ",river,"4h 9d As 3s 9c ",100,0,0,3,100,0,0,3
85,"5d Qs ","9d 2h ",flop,"5s 8c Qc ",95,5,0,3,95,5,0,3
86,"Ah 8c ","5c Jh ",river,"7d Ad 9c Jc 8s ",100,0,0,3,100,0,0,3
87,"7c Jd ","6d 4s ",turn,"2h Ks 9s 5h ",73,27,0,3,76,24,0,3
88,"4c 9s ","Ad 10s ",river,"6d Kc 4h 8c 10c ",0,100,0,3,0,100,0,3
89,"7d 4c ","6h As ",river,"Jh Jc 9h 3s 2s ",0,100,0,3,0,100,0,3
90,"6s 9s ","Jd Jc ",river,"8s Kc 4s Ac 3h ",0,100,0,3,0,100,0,3
91,"Qh 9h ","10s 2h ",flop,"Ah Kh Qs ",87,12,1,3,93,6,1,3
92,"4d 5d ","6c 2h ",preflop,"",33,42,25,2,46,38,16,3
93,"4c 10d ","9h 5d ",river,"4d 10s As 9d Js ",100,0,0,3,100,0,0,3
94,"3s Kd ","9c Qs ",river,"Qd Qh 4h 5h 9h ",0,100,0,2,0,100,0,2
95,"5s 2d ","Qs Jh ",turn,"4h 7d 9h As ",28,72,0,3,16,84,0,3
96,"4s Ah ","10s 3d ",river,"9s Qc 4d 5d Kd ",100,0,0,3,100,0,0,3
97,"Kc 10h ","9d 10d ",flop,"3h 7d Ad ",55,42,3,3,57,38,5,3
98,"6s 4d ","Kc 8c ",preflop,"",29,69,2,3,27,72,1,3
99,"Ad Jd ","2h 2c ",flop,"7h 6c Js ",87,13,0,3,90,10,0,3
100,"Kh Qs ","3s 7c ",river,"Jc 6s 6c Ac 4d ",100,0,0,3,100,0,0,3
101,"3c Kc ","2s 5h ",preflop,"",53,46,1,3,59,39,2,3
102,"8h Ac ","5s 9h ",turn,"As Kc 4d Jh ",100,0,0,3,100,0,0,3
103,"10c 3h ","Qd Kd ",preflop,"",26,72,2,3,29,67,4,3
104,"Kd Ac ","4s Jc ",preflop,"",68,31,1,2,59,41,0,3
105,"Qh 8d ","9c As ",river,"8s 7h Jc 8c Qd ",100,0,0,2,100,0,0,3
106,"10d 7c ","Kc 4s ",flop,"5c 6d 2s ",19,81,0,2,21,79,0,3
107,"Jd 4h ","10c 9h ",preflop,"",49,47,4,3,52,45,3,3
108,"5c 9c ","7s 6d ",preflop,"",55,42,3,3,67,28,5,3
109,"6d Js ","Ac 9h ",turn,"3s Jh 2c 9c ",88,12,0,3,86,14,0,3
110,"10h 7s ","4d Jh ",turn,"10d 5d Qh Qc ",94,6,0,3,88,12,0,3
111,"9d 3h ","10h As ",preflop,"",26,72,2,3,32,65,3,3
112,"Kd 10d ","Jh 10h ",flop,"10c 7c 7h ",61,17,22,3,58,18,24,3
113,"10h 2h ","Qc 2d ",preflop,"",27,62,11,3,23,65,12,3
114,"2c 4d ","8h 5s ",river,"Jd 8d Ad Js 8c ",0,100,0,3,0,100,0,3
115,"7c Ah ","5h 6h ",turn,"2d 5d Kd Ad ",71,10,19,3,67,10,23,3
116,"Qs 8s ","Js 2h ",turn,"Kd Qh 5s Jc ",85,15,0,3,90,10,0,3
117,"2c 10c ","9h 3s ",preflop,"",52,43,5,2,56,41,3,3
118,"5c 9h ","6h 8s ",flop,"Kd Jc 10h ",66,21,13,3,64,25,11,3
119,"3s 8h ","3h Qh ",preflop,"",21,73,6,3,29,66,5,3
120,"8s 7s ","9h 8d ",river,"4s Qc Qd 5s Ks ",100,0,0,3,100,0,0,3
121,"8s 7c ","Jc Jd ",flop,"4h 6d 6c ",15,85,0,3,21,79,0,3
122,"5s 4d ","8h 9c ",river,"4s Qs 10h As 6h ",100,0,0,3,100,0,0,3
123,"8c 10h ","7d 9d ",flop,"3h As 4c ",81,16,3,3,78,19,3,3
124,"3h Kd ","As 2d ",preflop,"",41,59,0,3,39,60,1,3
125,"Qh 2d ","Jd 7s ",river,"3d 6d 6c Ah 5h ",100,0,0,3,100,0,0,3
126,"5h 4h ","3d 6d ",river,"Qc Qs Kd 4c Jc ",100,0,0,3,100,0,0,3
127,"As Jc ","2c 6s ",turn,"5c 3c Ks 7c ",77,23,0,3,80,20,0,3
128,"As 2c ","8h Jc ",turn,"4s Qc Kc 8d ",9,91,0,3,6,94,0,3
129,"Ac 6s ","6c 5h ",turn,"7h Jd 4d 9d ",72,28,0,3,76,24,0,3
130,"5d Ah ","2h Qd ",turn,"7h 4s 10d 2s ",31,69,0,3,22,78,0,3
131,"3d Ah ","Qs 10h ",river,"5c Ad 6s Ac Qd ",100,0,0,3,100,0,0,3
132,"9c Qd ","Ac 6h ",flop,"Qs 6c 8h ",75,25,0,3,79,21,0,3
133,"2c Ks ","10c 9c ",flop,"10d 6h 9d ",3,96,1,3,2,98,0,3
134,"6d 7s ","10c 9d ",river,"Ac 6h Qc 7h Ks ",100,0,0,3,100,0,0,3
135,"9d 4d ","Kh 5d ",preflop,"",38,62,0,3,37,63,0,3
136,"6c 10s ","Kc 9c ",flop,"10h 2c 4c ",65,35,0,3,58,42,0,3
137,"2s 8s ","Qh 4h ",preflop,"",37,60,3,3,39,59,2,3
138,"4d 2s ","9c 8d ",river,"2d 2c 4c Jc 3h ",100,0,0,2,100,0,0,3
139,"Ks 4c ","Kh 3d ",flop,"5h 7c 6h ",20,18,62,3,17,13,70,3
140,"10d Qc ","Jc Js ",preflop,"",28,71,1,3,25,75,0,3
141,"5h 6c ","7c 4c ",preflop,"",38,54,8,3,51,46,3,3
142,"10d 8d ","10c Ks ",preflop,"",25,73,2,2,25,70,5,3
143,"10s Qc ","Jc Qs ",flop,"2d 4h 8c ",18,82,0,3,16,81,3,3
144,"Ks 9d ","6h 2h ",flop,"3c 5s Kh ",80,20,0,3,77,23,0,3
145,"3c Ks ","Jc 4d ",turn,"3h 2h 8c 5c ",63,37,0,3,67,33,0,3
146,"Ac Ad ","5d 5s ",preflop,"",80,20,0,2,80,19,1,3
147,"Kd Jc ","5s 4h ",river,"Qh 10c 5d Kc 10s ",100,0,0,3,100,0,0,3
148,"Qc 7s ","Js 2c ",flop,"Jc Ac 9s ",25,75,0,3,17,83,0,3
149,"7h 7s ","3d 7c ",preflop,"",85,7,8,2,91,6,3,3
150,"Jc Qh ","8s 7d ",flop,"3h 3d Kh ",75,15,10,3,69,15,16,3
151,"5h 7c ","Qd Ac ",flop,"2c 9s 8h ",37,61,2,3,33,66,1,3
152,"Qc 3c ","Ks 3d ",flop,"8s Jc 10c ",55,45,0,3,45,52,3,3
153,"5h 7h ","2h 6c ",river,"2s Ad 3s 6s 8d ",0,100,0,3,0,100,0,3
154,"Qc 10s ","8d 5c ",flop,"Kc 5d Jd ",46,54,0,2,46,54,0,3
155,"Jd Ah ","6d 2c ",preflop,"",71,27,2,2,65,33,2,3
156,"As 4s ","Jd 4d ",flop,"3h 2d 6s ",73,14,13,3,71,15,14,3
157,"2c Kc ","Js Qs ",preflop,"",46,52,2,2,54,44,2,3
158,"2c 6h ","Ac 5h ",turn,"7s Jd 10c 4h ",13,87,0,3,12,88,0,3
159,"Ad 4s ","9d 2c ",river,"5h 6d Kd 4c 10s ",100,0,0,2,100,0,0,3
160,"6d 2c ","Jh 5c ",preflop,"",29,68,3,3,33,67,0,3
161,"8c 5c ","Kd 6d ",preflop,"",39,61,0,3,43,56,1,3
162,"10c 8d ","9s 2d ",preflop,"",60,40,0,3,71,27,2,3
163,"8s 5d ","3s 3d ",preflop,"",44,50,6,3,51,47,2,3
164,"9c Ac ","8s 5h ",flop,"4h 8h 3h ",14,86,0,3,14,86,0,3
165,"3h 6c ","Jc Ac ",turn,"3d 10d 4s 10h ",76,24,0,3,75,25,0,3
166,"6s 5c ","10h Kd ",river,"8c 2h 10c Qs Qc ",0,100,0,3,0,100,0,3
167,"Jh 4s ","4c 9h ",flop,"5s Ah 5h ",58,17,25,3,71,8,21,3
168,"Kh 5h ","Ah 6d ",preflop,"",32,66,2,3,37,62,1,3
169,"5d 5h ","8h 8d ",preflop,"",16,84,0,3,13,86,1,3
170,"5d 8s ","Kh Js ",turn,"As 4c 3c 5c ",84,10,6,3,78,13,9,3
171,"5h 4d ","6c 5s ",preflop,"",22,44,34,3,18,53,29,3
172,"3h 3s ","7s Jc ",preflop,"",59,40,1,3,56,42,2,3
173,"6d Jd ","As 7s ",turn,"2c 2s Ah Qd ",0,100,0,3,0,100,0,3
174,"5d 2c ","8d Jd ",preflop,"",37,58,5,3,27,70,3,3
175,"Jd 5s ","8c Ac ",river,"5d 7h 4c Kh 9s ",100,0,0,3,100,0,0,3
176,"As 2d ","9s Qs ",flop,"7c 8c Ks ",58,40,2,3,66,32,2,3
177,"Ac Qh ","Kd 2h ",flop,"9h 5d Ah ",95,5,0,3,95,5,0,3
178,"2h Js ","Jd 10s ",turn,"Kd Kc 10c 6s ",0,92,8,3,0,99,1,3
179,"7s 8s ","7h 6s ",flop,"Qd Ac 10h ",61,12,27,3,60,14,26,3
180,"Kh 7h ","Jd Ac ",flop,"3s 8c 7c ",72,28,0,3,69,31,0,3
181,"Ad Jh ","10h Qc ",flop,"5c 7d 10d ",26,74,0,2,28,72,0,3
182,"8h 3c ","7d 10s ",flop,"6h Ad 9d ",13,86,1,3,14,86,0,3
183,"Jd 10h ","9s 8c ",turn,"7h 8h 2c 9h ",95,5,0,3,89,11,0,3
184,"10d Jd ","10c 7h ",preflop,"",62,29,9,2,71,20,9,3
185,"Qd 4c ","2d 3d ",turn,"8s 9s Kh 5h ",86,14,0,3,87,13,0,3
186,"Jc Ad ","4c 9s ",turn,"Qh Jd 5c 7d ",100,0,0,3,100,0,0,3
187,"5c 4s ","9s 4c ",flop,"Kc 9c As ",4,95,1,2,5,95,0,3
188,"6d 7c ","8h 3s ",turn,"10h 8s Jh Kh ",7,93,0,3,4,96,0,3
189,"9c Qd ","4h Ad ",flop,"2h 9d Kd ",83,17,0,3,82,18,0,3
190,"7s Kh ","9s Kc ",river,"9h 5s Jc 2s 4h ",0,100,0,2,0,100,0,3
191,"5d 10d ","Ks Kc ",flop,"2h 5c 9h ",17,83,0,2,23,77,0,3
192,"4d 2h ","9d 2s ",river,"3h 6d Qs Ac 5c ",100,0,0,2,100,0,0,3
193,"4s 4c ","7s 3h ",river,"9s Qd 4h Ah 2c ",100,0,0,2,100,0,0,3
194,"6c 5s ","Qd As ",flop,"4c 8s 9s ",30,70,0,3,41,56,3,3
195,"5d Kc ","3c Ah ",preflop,"",46,50,4,3,41,58,1,3
196,"Jh Ac ","5c 6s ",river,"3d 4c 10c Qd 7d ",0,100,0,2,0,100,0,3
197,"7h 5d ","Ah 2c ",preflop,"",39,61,0,3,46,53,1,3
198,"3c As ","8d Qs ",river,"Jd 5h Jh 9d 7h ",100,0,0,3,100,0,0,3
199,"4h 3h ","3d 2d ",turn,"4c 6c 9c Kh ",83,17,0,3,92,8,0,3
200,"Ad Js ","9s 8c ",flop,"6h 4c 2s ",71,25,4,3,75,24,1,3
201,"Kd 2h ","2c Kh ",flop,"5d Qc Qs ",0,0,100,3,0,0,100,3
202,"6c 2d ","Kc 7h ",preflop,"",24,73,3,3,33,64,3,3
203,"4s Kh ","Ks 4c ",river,"7d 9c 10c Kd 5h ",0,0,100,3,0,0,100,3
204,"As Kh ","6s 9h ",river,"8d 9c Ad 8c 10c ",100,0,0,3,100,0,0,3
205,"10s 7h ","3c 2c ",turn,"Ac 3d 10h Jd ",87,13,0,3,88,12,0,3
206,"10h 7c ","Jd Qd ",river,"2s Ad Qs 2d Ac ",0,100,0,3,0,100,0,3
207,"3s Kd ","Kc Ah ",turn,"Jh 7h 3h 2c ",69,31,0,3,77,23,0,3
208,"4d 2d ","Qc Qs ",river,"Ac 6c 7c 10c 7d ",0,100,0,3,0,100,0,3
209,"Ah 4c ","2s 4h ",turn,"7s 6h 8s 10c ",71,5,24,3,73,6,21,3
210,"Ad 2h ","4h Ac ",preflop,"",22,33,45,3,22,22,56,3
211,"Qd 10d ","Jh 9h ",preflop,"",68,31,1,2,67,32,1,3
212,"3c 9h ","6s 8h ",preflop,"",53,45,2,2,52,46,2,3
213,"7c 2d ","5d Ac ",preflop,"",33,65,2,2,30,67,3,3
214,"4s 9s ","3s 9d ",flop,"7d As Kh ",25,15,60,3,10,12,78,3
215,"Js 10h ","Qs Ks ",river,"7c 6h 4h 10c 10s ",100,0,0,2,100,0,0,3
216,"Ks 2c ","4s Js ",river,"2h 8s Ac Jd 8d ",0,100,0,3,0,100,0,3
217,"2h 9c ","Kh 10h ",turn,"Ad 5s Kc 5c ",0,100,0,3,0,100,0,3
218,"9d Kh ","2c 9s ",turn,"8d 2s 3d 8h ",18,82,0,3,21,79,0,3
219,"6c Ad ","Jd 9s ",preflop,"",57,40,3,2,54,46,0,3
220,"Jc 5h ","6s 8d ",flop,"9h 4c 10d ",58,42,0,2,70,29,1,3
221,"4d 2s ","5d 4c ",flop,"9d 6h 10h ",16,22,62,2,9,25,66,3
222,"10h 9h ","8s Jd ",preflop,"",51,49,0,3,44,56,0,3
223,"2h 4c ","Qs Ac ",preflop,"",42,57,1,2,30,68,2,3
224,"Kd 10s ","Kc 9d ",flop,"Ks 4h As ",69,7,24,3,69,14,17,3
225,"10d 8c ","4h Qd ",river,"Jc 6h 3h Qs 7d ",0,100,0,3,0,100,0,3
226,"10s 8h ","Kc Ks ",turn,"4s 10d Qd 7s ",10,90,0,3,10,90,0,3
227,"4h Qd ","10s 7d ",flop,"2s 5h 6c ",78,22,0,3,72,26,2,3
228,"7d Jd ","Jh 6s ",preflop,"",59,22,19,3,60,12,28,3
229,"3h 3c ","5d Qd ",flop,"10c Jh 10s ",50,49,1,3,62,34,4,3
230,"Kd Kc ","Jh 10c ",flop,"Ac Ks As ",100,0,0,2,100,0,0,3
231,"3c 5s ","Ah As ",preflop,"",11,89,0,2,11,89,0,3
232,"4d 3h ","2s 10d ",flop,"10c 6h 6d ",5,95,0,2,2,98,0,3
233,"10h 6c ","4d 8s ",turn,"6h Ah 4h 2d ",90,10,0,3,92,8,0,3
234,"Ac Kh ","6d 3d ",preflop,"",66,31,3,3,59,39,2,3
235,"Qs Ah ","4s Ks ",preflop,"",69,30,1,3,54,44,2,3
236,"Ah Kd ","Qc 5c ",turn,"4d 4c Jh 7h ",80,14,6,3,82,10,8,3
237,"5h 4c ","5d 7d ",flop,"Qs Jc 10d ",15,52,33,3,10,45,45,3
238,"5d Jd ","Ad 2s ",preflop,"",41,59,0,3,49,51,0,3
239,"Kh 5c ","Ad 4s ",river,"Ah 10c 4d 6d 9h ",0,100,0,3,0,100,0,3
240,"Jd Js ","9s 5s ",flop,"7c 3h 5d ",78,22,0,3,80,17,3,3
241,"Qc Ad ","3d Kd ",preflop,"",64,36,0,3,61,38,1,3
242,"10s 5h ","4s 2c ",flop,"7s 5c 10d ",94,6,0,3,96,4,0,3
243,"Qh 6c ","7d 7h ",river,"Kh Jc 4c 4s Qc ",100,0,0,3,100,0,0,3
244,"4s Qs ","5h Kh ",flop,"3d 10d 5c ",16,84,0,3,15,85,0,3
245,"Qc 6h ","4c Qs ",turn,"10s Qd 6c 5d ",92,0,8,3,91,0,9,3
246,"Qs Jd ","Qd Ks ",preflop,"",25,74,1,3,21,72,7,3
247,"Qh Kh ","10d 2s ",river,"2d 5d Kc 3c Jh ",100,0,0,2,100,0,0,3
248,"5c Jh ","4s 2c ",turn,"7s 3s 8d 6h ",89,11,0,3,88,12,0,3
249,"Ks 7h ","Qh 5d ",turn,"2d 2s 3h 3s ",61,15,24,3,65,14,21,3
250,"Ac 5h ","3c 2s ",preflop,"",66,29,5,2,65,34,1,3
251,"8h 4c ","3h Jh ",turn,"7h 7c Jc 2h ",0,100,0,3,0,100,0,3
252,"10c 2d ","8d Ad ",river,"10s Qh 3c 10d 9s ",100,0,0,2,100,0,0,3
253,"2h 10h ","5s 2d ",preflop,"",78,12,10,3,71,23,6,3
254,"5s Qs ","7h As ",preflop,"",47,51,2,3,36,62,2,3
255,"Ac Ks ","2c 8h ",preflop,"",64,33,3,2,64,34,2,3
256,"4d 10c ","3c 4h ",preflop,"",68,24,8,2,62,29,9,3
257,"9d 4s ","Ah 3c ",preflop,"",33,65,2,3,39,61,0,3
258,"2s 8c ","9s 5d ",turn,"Ks 7h 10d 4d ",14,86,0,2,15,85,0,3
259,"5s 8d ","3h 4h ",flop,"8h Jh 8c ",100,0,0,3,100,0,0,3
260,"5c 3d ","8d 9c ",preflop,"",34,61,5,2,34,63,3,3
261,"8s Kd ","Qc 6s ",flop,"9s 6d Jd ",32,68,0,3,35,65,0,3
262,"Ks 2c ","2h 7c ",turn,"8d 5h Jc 5c ",92,4,4,2,84,12,4,3
263,"3d 4h ","Qc 4d ",preflop,"",31,66,3,3,25,65,10,3
264,"4h 6s ","3d 4s ",turn,"7d 8s 3c Qs ",14,86,0,2,15,85,0,3
265,"5s Jc ","6d 5h ",river,"6h Jh 4d 10h 2d ",100,0,0,3,100,0,0,3
266,"Js Qd ","4c Ks ",flop,"10d Jh 5s ",82,18,0,3,96,4,0,3
267,"6d 4c ","2h 10s ",river,"Ac 4s 8s Qh 10c ",0,100,0,3,0,100,0,3
268,"4h 8s ","7s 9s ",flop,"8c 6d Ad ",56,44,0,3,53,47,0,3
269,"9d Kh ","Kc 9h ",turn,"9c 2d 7c Kd ",0,0,100,3,0,0,100,3
270,"2d 7h ","9d 10d ",preflop,"",26,73,1,3,27,67,6,3
271,"Qs 7s ","8s 3h ",preflop,"",62,34,4,3,61,38,1,3
272,"Ac Ad ","7d 9h ",turn,"3s Kc As 8c ",100,0,0,3,100,0,0,3
273,"6h Jc ","3s Ks ",turn,"2s 10d 9s Qc ",21,79,0,3,22,78,0,3
274,"10s Js ","4d 2d ",turn,"3d 10c As 3s ",92,8,0,3,93,7,0,3
275,"10s 3h ","7d 10c ",river,"4d 7h 8d 4s Ac ",0,100,0,3,0,100,0,3
276,"6c 8s ","Js 6s ",river,"10s 2s As Jc 10d ",0,100,0,3,0,100,0,3
277,"Qh 8c ","10d 9s ",river,"4c Ah Qs 7s 2c ",100,0,0,3,100,0,0,3
278,"3d 9d ","Js 6h ",flop,"7d 3h 5c ",72,28,0,3,68,30,2,3
279,"4c Qd ","2s Jh ",preflop,"",63,35,2,3,60,36,4,3
280,"8h 3d ","6d 8d ",turn,"5c Ad 4c 4s ",19,15,66,3,18,17,65,3
281,"Jc 6c ","10d Kh ",flop,"5c 8c 7h ",69,28,3,3,63,36,1,3
282,"4c 7h ","4s 5c ",flop,"10c Kh 2h ",73,8,19,3,65,19,16,3
283,"9c 8h ","3s Kh ",river,"7s 2c Jc Jd 6d ",0,100,0,3,0,100,0,5
284,"7h 7c ","8c 9h ",flop,"7s 4d 7d ",100,0,0,3,100,0,0,3
285,"6d 5h ","3d Kh ",preflop,"",40,58,2,3,44,55,1,3
286,"4h 8s ","2c Js ",preflop,"",39,61,0,3,42,57,1,3
287,"Kd 7h ","Kh 5s ",river,"2h 8s 5h 4h Kc ",0,100,0,3,0,100,0,3
288,"2s 7c ","6h 2c ",preflop,"",52,27,21,3,60,25,15,3
289,"Ah Qh ","5c 7c ",river,"9s 2s Qc 7s Jc ",100,0,0,3,100,0,0,3
290,"Ks Qs ","7h Ah ",preflop,"",53,47,0,3,29,69,2,3
291,"6c 6s ","Jc 3h ",river,"Ks Qs 3s 8s 6h ",100,0,0,3,100,0,0,3
292,"7c Ac ","2d 3c ",preflop,"",65,34,1,3,69,30,1,3
293,"10d 7h ","6c 8h ",river,"10h Qd 9c Qh 6s ",100,0,0,3,100,0,0,3
294,"3h 6c ","As Ac ",turn,"7d 7s 4s 6d ",10,90,0,3,11,89,0,3
295,"7d 9c ","5s 4s ",river,"8s 5c Jd Qc 3c ",0,100,0,3,0,100,0,3
296,"Ad 3h ","5s 10s ",turn,"6h 4c 4s Qh ",82,13,5,3,91,6,3,3
297,"Js 10h ","5s 10c ",preflop,"",71,18,11,3,74,19,7,3
298,"3h Jd ","4c Ah ",flop,"Qs 5d 9s ",20,80,0,3,22,78,0,3
299,"7h 10d ","Ks 5s ",preflop,"",47,51,2,3,39,59,2,3
300,"9c 3h ","Kd 3c ",turn,"5s 4c Ah 3s ",9,64,27,3,2,74,24,3
301,"9s 10s ","5s Qh ",preflop,"",45,55,0,3,45,53,2,3
302,"4s 6s ","Qc 4c ",river,"Jc 2s 7h Qs 2c ",0,100,0,3,0,100,0,3
303,"10d 8c ","Qc Ah ",river,"Ad 3c Qd 9d 6d ",100,0,0,3,100,0,0,4
304,"7h Qs ","5h 5s ",turn,"8d 8c 3c 9d ",20,80,0,3,26,74,0,3
305,"4d 5h ","3d 9s ",river,"7c 3c Qc 8c Jd ",0,100,0,3,0,100,0,3
306,"10c 7h ","Qc Jc ",flop,"Ac 4d Jh ",1,99,0,3,6,94,0,3
307,"6s Js ","10h 4h ",river,"3d 5h 3h 6h Qc ",0,100,0,3,0,100,0,4
308,"6h Qc ","Qs Ks ",preflop,"",25,70,5,3,22,75,3,3
309,"Kc Ks ","9c 4h ",preflop,"",86,14,0,3,87,13,0,3
310,"Ad Ks ","2c Jd ",turn,"9h 3c 8h 7h ",76,24,0,3,81,19,0,3
311,"7d 5c ","2c Kd ",river,"5s 2d Kh 4h 2h ",0,100,0,3,0,100,0,3
312,"Ah 9c ","7s 6h ",turn,"Jd Jc Qh Kh ",87,9,4,3,79,13,8,3
313,"Jc 4h ","4c 2s ",flop,"2d 6d Ks ",15,85,0,3,19,77,4,3
314,"10s 6s ","Ac Js ",turn,"7d 6c Kh Ad ",13,87,0,3,12,88,0,3
315,"Kh 3c ","5h 7h ",river,"10h 5s 9h 8d 4d ",0,100,0,3,0,100,0,3
316,"8d 2d ","Ac Kh ",preflop,"",39,61,0,3,40,59,1,3
317,"Ah 5h ","5s Jh ",turn,"7c 3d 10h 6h ",86,4,10,3,83,10,7,3
318,"8c 8h ","Ah 3h ",preflop,"",59,41,0,3,73,27,0,3
319,"8d 7s ","Jc Qd ",river,"9h 7c 5s 9c Ks ",100,0,0,3,100,0,0,3
320,"7d 10h ","3h 2d ",preflop,"",63,31,6,3,62,34,4,3
321,"5s Ac ","3c 9d ",river,"Jh 2c 9s 10h 4h ",0,100,0,3,0,100,0,3
322,"Ad 10c ","3h 2c ",preflop,"",65,34,1,3,61,36,3,3
323,"4d 4h ","9h 10c ",river,"10h 5s 4s 8h Js ",100,0,0,3,100,0,0,3
324,"Ad 5c ","5s 5d ",turn,"10s 8d 6d 4h ",8,86,6,3,6,85,9,3
325,"2c 3c ","5s 9d ",river,"Qd 4s 10s Qh 3s ",100,0,0,3,100,0,0,3
326,"9c 4c ","3d 5s ",river,"4s 10c 10s Ad 9d ",100,0,0,3,100,0,0,3
327,"4d 4h ","9c Qc ",preflop,"",40,60,0,3,54,46,0,3
328,"Kh 6h ","8d 4s ",preflop,"",52,46,2,3,66,33,1,3
329,"Ks 10c ","8s 4d ",preflop,"",68,30,2,3,68,29,3,3
330,"3c Ac ","4d 7h ",turn,"6d 8s 2s 2c ",74,21,5,3,73,23,4,3
331,"Ac Kh ","2c 7h ",turn,"Ad 7c 5h Kc ",97,3,0,3,96,4,0,3
332,"9c 2s ","Ah 2d ",flop,"6s Jd 6h ",7,83,10,3,6,81,13,3
333,"10s Qd ","5h 9h ",flop,"6d 5c 10c ",67,33,0,3,82,18,0,3
334,"2h 8c ","4c 7d ",flop,"8s 5d 10s ",81,19,0,3,76,24,0,3
335,"10d 4c ","3d 6s ",river,"Js 9c 3s 10s Jc ",100,0,0,3,100,0,0,3
336,"4d 7c ","8c 5d ",flop,"10c 2c 4c ",50,50,0,3,59,41,0,3
337,"8d 10s ","4c 5d ",turn,"7d 9d 4s Js ",94,6,0,2,91,9,0,3
338,"5c 5s ","Ks Jh ",turn,"10d 8c 7s 6d ",70,30,0,3,79,21,0,3
339,"Qh 8h ","5c As ",river,"2h 7d 5s 7s 2d ",0,100,0,3,0,100,0,3
340,"3c Qs ","10d Qd ",river,"4s 8s Kh 3d 7d ",100,0,0,3,100,0,0,3
341,"10s 6d ","9c 5h ",river,"10h 2s Qc 2h 7d ",100,0,0,3,100,0,0,3
342,"3d 5d ","Jh 3h ",river,"Ac 4d Qc Ks Kh ",0,100,0,2,0,100,0,3
343,"10c 7d ","Kd 8h ",turn,"5h Jc Ad 8s ",11,89,0,3,22,78,0,3
344,"2c 7h ","Qs 4d ",flop,"9c 6c 2h ",82,18,0,3,80,20,0,3
345,"Qh 2h ","6d 5h ",turn,"8h 5d 10h Kd ",30,70,0,3,28,72,0,3
346,"Jd Kc ","6h 4d ",turn,"8d 3h As 5h ",65,35,0,3,71,29,0,3
347,"8d As ","10c Ks ",flop,"Qs Jc 2c ",51,49,0,3,52,47,1,3
348,"Kh 3d ","4s 9h ",flop,"8s 2h Ks ",93,7,0,3,96,4,0,3
349,"8c 4c ","9c 4d ",turn,"6s 8s 2d 8h ",100,0,0,2,100,0,0,3
350,"Qh 2h ","9d Kd ",preflop,"",34,65,1,3,38,62,0,3
351,"Qd Qs ","Ah Ac ",river,"8h 10h Jc 6h Kh ",0,100,0,3,0,100,0,3
352,"2s 9d ","3c Kh ",turn,"10s 9h 4c 10h ",95,5,0,3,95,5,0,3
353,"8d 9d ","5s 10c ",turn,"Qh Kh 7s 7d ",5,52,43,3,11,49,40,3
354,"Kd 10d ","6c 5c ",turn,"Kh 9h Qh 9c ",100,0,0,3,100,0,0,3
355,"5d 3h ","10s 5s ",flop,"10d 8s 3d ",9,91,0,3,15,85,0,3
356,"4c Kd ","6c Qd ",flop,"9c Ah Ks ",94,6,0,3,96,4,0,3
357,"4s 4d ","3h Kh ",turn,"Ah 8c 6h 7s ",78,22,0,3,73,27,0,3
358,"5h Kc ","Qd 8d ",river,"Jd 9s Jh 9d Qc ",0,100,0,3,0,100,0,3
359,"Ah 7s ","2s 6d ",preflop,"",59,39,2,3,71,28,1,3
360,"4c 8s ","4h 5c ",preflop,"",49,35,16,3,64,21,15,3
361,"6h 8s ","5h Qd ",river,"Jd 9d 4d 10s 3c ",0,100,0,3,0,100,0,3
362,"5c Qd ","7c 9h ",preflop,"",49,46,5,3,54,44,2,3
363,"10c Qc ","2s 5h ",preflop,"",65,35,0,3,70,28,2,3
364,"4c Ah ","9h 6d ",river,"Qd Qh Kd 8d 7c ",100,0,0,3,100,0,0,3
365,"Ad 10c ","2h 6s ",flop,"Ah Kc 4d ",96,4,0,3,97,3,0,3
366,"5s 2d ","4s 2c ",preflop,"",47,25,28,3,47,12,41,3
367,"Ah 8d ","6h 5h ",river,"6c As 10c 10s 8h ",100,0,0,3,100,0,0,3
368,"Ah Jd ","Qc 10c ",river,"5s 6h Kc 10d 5d ",0,100,0,3,0,100,0,3
369,"10h Ac ","6h Jd ",flop,"9c Qs Qd ",79,15,6,3,72,21,7,3
370,"Jc 10h ","Ac 7d ",turn,"5s 5h 7c 2c ",17,83,0,3,11,89,0,3
371,"10s 2c ","7d 4c ",turn,"2h 9h 5h Kh ",74,10,16,3,71,6,23,3
372,"10d 9d ","Js Qs ",river,"2c 4d Kd Ac 5c ",0,100,0,3,0,100,0,3
373,"Kd Ac ","6h Kc ",preflop,"",76,22,2,3,75,22,3,3
374,"10d Qs ","10s As ",turn,"9s 7s Qh 7c ",80,20,0,3,72,28,0,3
375,"Jc 7c ","Js Qs ",flop,"Qd Qc 4h ",0,100,0,3,0,100,0,3
376,"Ah 3c ","Kd 9s ",river,"4d 9c 9h 8s 6c ",0,100,0,3,0,100,0,3
377,"Kc 8c ","7s Qs ",preflop,"",66,32,2,3,69,29,2,3
378,"5h Qd ","3h 6h ",flop,"4d Kh 5c ",49,51,0,3,55,45,0,3
379,"9h As ","6h 4s ",preflop,"",62,35,3,3,66,32,2,3
380,"5s 10d ","Ad 5d ",preflop,"",30,68,2,3,38,56,6,3
381,"2d 7h ","4s 2h ",preflop,"",65,21,14,3,55,27,18,3
382,"8d 3h ","3d 9c ",preflop,"",30,60,10,3,27,62,11,3
383,"6c Qd ","10s 10c ",preflop,"",19,80,1,3,19,80,1,3
384,"5d 9c ","6c 8d ",turn,"3d 8c 8h Jh ",0,100,0,3,0,100,0,3
385,"Ah 7d ","7s Kc ",turn,"4c 7h Qd 2s ",92,8,0,3,94,5,1,3
386,"6h Ad ","4c 3c ",preflop,"",62,38,0,3,57,41,2,3
387,"4s 2h ","Kh 9d ",turn,"Ks 6d 9s 2c ",5,95,0,3,10,90,0,3
388,"Ac 3s ","Ks 6c ",turn,"8h 4h 10h Qh ",64,16,20,3,74,11,15,3
389,"5s Jd ","Kd Jh ",river,"5h 5c 6h 3d Kc ",100,0,0,3,100,0,0,3
390,"8h 4c ","Qh 7s ",river,"9s Ac 3h 4h 10h ",100,0,0,3,100,0,0,3
391,"9c 3h ","7c Ks ",flop,"4c 5c Kh ",8,92,0,3,10,90,0,3
392,"Js 10d ","5s 6c ",river,"7d Kc 2d As Ac ",100,0,0,3,100,0,0,3
393,"6s 2s ","Ks 10c ",turn,"9h 4s 8c Ad ",14,86,0,3,17,83,0,3
394,"Jc Js ","9c 3d ",flop,"Qh 6h 10s ",98,2,0,3,98,2,0,3
395,"4c 5d ","7s 2h ",flop,"6d Qs Jd ",31,57,12,3,34,57,9,3
396,"8h 4h ","10c Qs ",preflop,"",36,63,1,2,31,68,1,2
397,"10c Ah ","10s 8h ",river,"7c 2h 6d Js Kc ",100,0,0,3,100,0,0,3
398,"4h 10d ","3c 5d ",preflop,"",50,46,4,2,61,36,3,3
399,"5c Jc ","3h Qs ",turn,"7s Ad 2h Jd ",94,6,0,3,91,9,0,3
400,"4s 10s ","6h 4c ",flop,"5s 8d 7h ",9,81,10,3,10,75,15,3
401,"8h 3h ","10s 5s ",turn,"Ks 8c Ah 7d ",97,3,0,3,93,7,0,3
402,"3d 4s ","2d 8d ",preflop,"",30,65,5,3,45,46,9,3
403,"6s 10h ","2s 4s ",river,"Jd 3d Ah 9c 9h ",100,0,0,3,100,0,0,3
404,"9s 7c ","9d 7d ",flop,"6s 8s 8h ",6,0,94,2,3,0,97,3
405,"8d Kh ","Jd 3c ",turn,"6h 6d Ad 4s ",75,6,19,3,76,10,14,3
406,"Kc 3h ","Ad 3c ",turn,"8h Qd 4s 2h ",9,91,0,3,8,92,0,3
407,"3s As ","5d Ac ",river,"10h Ks 9d 5h Qd ",0,100,0,3,0,100,0,3
408,"Kh Ad ","3s 4h ",flop,"8s 8h Jc ",76,18,6,3,70,23,7,3
409,"3d 2s ","10h Js ",river,"9c 4c As Qd Ad ",0,100,0,3,0,100,0,3
410,"9s 4c ","Kc Qh ",flop,"5h Ah 7s ",26,71,3,3,24,72,4,3
411,"4d Ks ","9s Kd ",preflop,"",22,61,17,3,17,71,12,3
412,"6h Ks ","Ad Ac ",flop,"Jh Kc 2d ",20,80,0,3,26,74,0,3
413,"2s 5c ","8s Qh ",turn,"10c 2c 6c Kh ",87,13,0,3,91,9,0,3
414,"9h 10d ","Ks 4d ",preflop,"",47,52,1,3,42,55,3,3
415,"4d 7c ","4h 5d ",preflop,"",51,24,25,3,56,22,22,3
416,"9s 6h ","8h 8c ",preflop,"",26,72,2,3,24,74,2,3
417,"6h Ad ","8c 2h ",turn,"Kc 5c 10d Qh ",81,19,0,3,81,19,0,3
418,"Jc Ad ","8c 4h ",turn,"8h Jd 5d 6d ",85,15,0,3,82,18,0,3
419,"Qh 2d ","Jh Qd ",river,"6h 3c Jc 10h Jd ",0,100,0,3,0,100,0,3
420,"10c 10s ","4s 6c ",river,"4d Kd 4h 5h Qh ",0,100,0,3,0,100,0,3
421,"6c Qd ","Qs Qc ",turn,"Ac 2d 10d 3c ",0,100,0,3,0,100,0,3
422,"2h Js ","7c Qc ",turn,"10d 10h 7h 8c ",17,83,0,3,16,84,0,3
423,"4s 9c ","Ad Ac ",flop,"8s 8d 3h ",1,99,0,3,2,98,0,3
424,"7h 3d ","Jd 2c ",flop,"6c 10c 3s ",83,17,0,3,82,18,0,3
425,"9h Kc ","Qc Jc ",turn,"7s 9d 6h 5c ",75,16,9,3,76,14,10,3
426,"6c Kh ","3s Qh ",flop,"Ah 10s 3d ",19,81,0,3,25,75,0,3
427,"Ac 7s ","Qs Jd ",turn,"Jc 4h 10s 3h ",8,92,0,3,6,94,0,3
428,"Kd 2d ","Ac 4c ",flop,"2s 5s 9h ",67,33,0,3,62,38,0,3
429,"2h 9c ","7c 9d ",river,"8c 5c Kc Ac Ad ",100,0,0,3,100,0,0,3
430,"6s Qc ","5s Jd ",flop,"3d 4s Qd ",93,7,0,3,95,5,0,3
431,"9c 10h ","Qs 6c ",preflop,"",37,61,2,3,42,58,0,3
432,"Jd Qd ","4d 10h ",turn,"Js 3s 8c 7c ",90,10,0,3,90,10,0,3
433,"4d 4h ","5d 3h ",river,"6s 6c 4c 7c 10c ",100,0,0,2,100,0,0,2
434,"2d As ","7h 7s ",river,"7c Kh 6c 10c Qd ",0,100,0,2,0,100,0,3
435,"10c 7h ","2s 4c ",river,"9c Jc 6s 9d Jh ",100,0,0,2,100,0,0,3
436,"Qh 4c ","Qc 8c ",river,"8h 6c 7s 6d 9s ",0,100,0,3,0,100,0,3
437,"Ad Kd ","6h 8h ",turn,"5s 5c 9c 5d ",15,14,71,2,23,8,69,2
438,"6h 7d ","Qh 7c ",preflop,"",23,70,7,3,25,72,3,3
439,"6h 4d ","5h 5d ",preflop,"",29,69,2,2,15,85,0,3
440,"5c 6c ","7h Kc ",preflop,"",46,50,4,3,40,60,0,3
441,"7d 8h ","9h 9c ",preflop,"",12,88,0,3,11,88,1,3
442,"7h 10c ","Kh 4h ",turn,"4s 10s Kd 6s ",6,94,0,2,5,95,0,3
443,"6h 10h ","2h Ad ",turn,"3s 5d 6s 9d ",84,16,0,3,83,17,0,3
444,"Jd 9h ","As 7c ",preflop,"",44,56,0,3,50,47,3,3
445,"10s Kc ","3h 10d ",flop,"9c 6c 9h ",87,8,5,3,80,9,11,3
446,"Kd Ks ","10d 5d ",preflop,"",86,14,0,3,93,6,1,3
447,"Ac 3c ","5c Ks ",river,"4s 4h 2h 8d 6d ",100,0,0,3,100,0,0,3
448,"Js 4c ","Ah 6d ",flop,"8c 5s 9s ",25,71,4,2,33,63,4,3
449,"Qh Qd ","Jd 2d ",river,"9h 7c 8c 6c 10s ",0,100,0,3,0,100,0,3
450,"Ad 10h ","3d Ac ",preflop,"",60,31,9,3,62,28,10,3
451,"Kh Kd ","5d 6d ",turn,"2h 8s 8c 4s ",86,14,0,3,79,21,0,3
452,"Kc 4c ","5d 10c ",flop,"5s 3s Ah ",30,70,0,3,26,73,1,3
453,"Qh 4c ","3d 7d ",preflop,"",53,44,3,3,50,49,1,3
454,"5h Qc ","6s Ah ",flop,"Jd Kd 5c ",79,21,0,3,81,19,0,3
455,"Ah Ac ","9h 3c ",flop,"7c Kc 9s ",82,18,0,3,76,24,0,3
456,"8d 8h ","6h Jh ",flop,"9c 10d 9h ",72,25,3,3,72,23,5,3
457,"7d 10d ","Kc 4d ",turn,"2h Qs 10c 10s ",100,0,0,2,100,0,0,3
458,"Jc 4c ","Kd 10d ",flop,"5h 3c 5d ",28,65,7,3,25,69,6,3
459,"Jc 8s ","5s Ac ",flop,"6s 4h 2c ",18,79,3,3,23,75,2,3
460,"Js 4s ","6d 4c ",turn,"7h As Ah 9s ",87,8,5,3,90,7,3,3
461,"8h Kd ","As 2d ",preflop,"",34,66,0,3,45,54,1,3
462,"Ks 10h ","Ac 3c ",river,"10s 10d 7c 7h Qh ",100,0,0,2,100,0,0,3
463,"5s 3c ","2h Jd ",preflop,"",42,56,2,2,47,53,0,3
464,"6s 7d ","Kh 8c ",preflop,"",40,60,0,2,36,64,0,3
465,"5h 2h ","Ac Qs ",flop,"10d 3c Jc ",17,80,3,3,19,79,2,3
466,"Ad As ","9h 6d ",preflop,"",88,11,1,2,86,13,1,3
467,"2c 9d ","Jc 4c ",preflop,"",42,57,1,2,37,60,3,3
468,"2d 3c ","3s 2c ",preflop,"",2,1,97,3,1,2,97,3
469,"7d Kh ","4s Jd ",turn,"4h Ad Qs 5c ",12,88,0,3,13,87,0,3
470,"7c 10d ","6s 9d ",preflop,"",68,29,3,3,69,28,3,3
471,"Qd Jh ","3s 9s ",turn,"3h 10d 6c 7c ",8,92,0,3,11,89,0,3
472,"6d Ad ","Qs Qc ",preflop,"",19,81,0,2,29,71,0,3
473,"4s Ac ","10h Ad ",river,"8h Js 2d Kc 8c ",0,0,100,3,0,0,100,3
474,"3c 9c ","6d 8d ",turn,"4s Ks 9d Qc ",100,0,0,3,100,0,0,3
475,"6h 10d ","8d Ac ",river,"Qc 7d Ah 5s 6d ",0,100,0,3,0,100,0,3
476,"2h 4d ","8c 3h ",flop,"5d 10s Jh ",25,66,9,3,26,68,6,3
477,"9d Ks ","Kc 4h ",flop,"8c Ah 7h ",74,20,6,3,64,25,11,3
478,"Qd 8h ","9c 6c ",flop,"10h Kc 10d ",59,26,15,2,63,24,13,3
479,"5s Qs ","10d 10s ",turn,"7d Ah 8c Kd ",5,95,0,3,4,96,0,3
480,"Kh 4d ","Jc 7c ",turn,"7s 5h 4c 3c ",8,86,6,3,15,77,8,3
481,"4h 8h ","Qs 6c ",river,"9s 8c 7d 9d 7h ",100,0,0,3,100,0,0,3
482,"Qh 5s ","6c 3c ",turn,"6d 10d 3d 8h ",0,100,0,3,0,100,0,3
483,"9s Jc ","10c Jd ",preflop,"",23,64,13,3,23,68,9,3
484,"5c 8c ","6c Js ",river,"3c Qd 2s 3d 4h ",0,100,0,3,0,100,0,3
485,"Kc 5c ","4h 5h ",river,"2h 8h 9c 4s 3h ",0,100,0,3,0,100,0,3
486,"4d 4h ","Ah 8s ",preflop,"",50,50,0,3,60,37,3,3
487,"6s Jh ","8h 10c ",flop,"Jd 6h 9c ",68,32,0,3,70,30,0,3
488,"7h 3d ","2d 7c ",river,"8s 5s 3s Js Qh ",100,0,0,3,100,0,0,3
489,"Ah 10h ","5c 7c ",preflop,"",63,36,1,3,57,41,2,3
490,"3d Js ","6c 4d ",river,"9s 2h 5c Qd 5h ",100,0,0,3,100,0,0,3
491,"Js Qd ","Ks 9c ",preflop,"",44,54,2,3,47,52,1,3
492,"8d Kh ","Jd 9h ",preflop,"",60,38,2,2,61,39,0,3
493,"3h 8d ","7c 10h ",river,"5c 2s 9c Ad 6h ",0,100,0,3,0,100,0,3
494,"9s 3c ","9d 5c ",turn,"8c 5h 4s 8s ",0,97,3,3,0,93,7,3
495,"3h 5h ","3c 10c ",turn,"8d 2d 9s Kc ",5,95,0,3,8,92,0,3
496,"Qs 10c ","Qh 10d ",river,"5c 2c 8c 4c 9s ",100,0,0,3,100,0,0,3
497,"6s 4c ","3h 6h ",flop,"As 3d Kh ",12,87,1,3,17,81,2,3
498,"4c Qh ","10d 5c ",turn,"5d 2c 4h 8s ",17,83,0,3,13,87,0,3
499,"Jd 8s ","4c Qc ",turn,"7h 9s Ad 10d ",100,0,0,2,100,0,0,3
500,"Js 5c ","Qc 7s ",turn,"7c 5s 9c 2s ",6,94,0,2,12,88,0,3
501,"8s 10d ","7d Kd ",preflop,"",38,60,2,3,48,49,3,3
502,"8s Kc ","10d Jc ",preflop,"",66,33,1,3,59,39,2,3
503,"6d 9s ","6s 5d ",river,"9h Jd 2c Ac 7h ",100,0,0,3,100,0,0,3
504,"Kd 4c ","8s 7h ",flop,"2d Kh 10h ",93,7,0,3,93,7,0,3
505,"4c 3d ","2d Ac ",turn,"10d 8h 5d Jd ",26,74,0,3,32,68,0,3
506,"Ad Ac ","7d Jc ",turn,"2d Jd 4s 5d ",92,8,0,3,89,11,0,3
507,"2s 7h ","2h Ac ",river,"8s 7d Jh Kc 8d ",100,0,0,3,100,0,0,3
508,"9d Kc ","8s 10d ",river,"4c 5s 6d Qh 9c ",100,0,0,3,100,0,0,3
509,"10d 4d ","8h 3c ",turn,"5h 8c 10h 6s ",86,14,0,3,91,9,0,3
510,"8d 2c ","Kh 3h ",turn,"3c 7h Qc 4c ",18,82,0,3,19,81,0,3
511,"3c Qs ","4s Jd ",flop,"3h 8c 5s ",76,24,0,3,71,29,0,3
512,"8d 9c ","10d 3s ",turn,"4h Ah 5s Qc ",15,85,0,3,11,89,0,3
513,"9s 6h ","Qs 9h ",river,"4c As Js 7s 2s ",0,100,0,3,0,100,0,4
514,"10h Qd ","2h Ks ",preflop,"",32,64,4,3,33,64,3,3
515,"10c Ac ","8d 3c ",preflop,"",72,26,2,3,71,28,1,3
516,"Ah 10c ","2s 7d ",river,"10d 9s 3s 9c 2c ",100,0,0,3,100,0,0,3
517,"3c 2d ","4s 8c ",river,"6h 8h 4d Ad 5s ",100,0,0,2,100,0,0,3
518,"7h Qc ","2s 2c ",river,"6h 9s Ks 6s 4c ",0,100,0,3,0,100,0,3
519,"Kh 7h ","3c 9c ",turn,"8h Kc 6c Jc ",1,99,0,3,3,97,0,3
520,"Ac 5c ","9d 9c ",preflop,"",43,57,0,2,35,64,1,2
521,"Ad 7h ","8h 2d ",river,"8s 10c Qh Ac 2h ",0,100,0,3,0,100,0,3
522,"6h 9h ","Ac Jh ",flop,"Ks 2h 2c ",22,73,5,3,23,72,5,3
523,"5s 4c ","Kc 3s ",river,"6h Qd Jh 7d 8s ",100,0,0,2,100,0,0,3
524,"5s Qc ","Ks 4d ",flop,"Kd Js Qd ",15,81,4,3,14,85,1,3
525,"10s 2h ","6c 9d ",turn,"7c 8d 3s Kh ",65,35,0,3,70,30,0,3
526,"Kc 3s ","8s 4c ",preflop,"",59,40,1,3,63,34,3,3
527,"As Qd ","2d 4c ",river,"Kc 9c 8c 5c 6c ",0,0,100,3,0,0,100,3
528,"5d As ","Qc Ks ",turn,"Jc 5c Jh 3d ",83,17,0,3,86,14,0,3
529,"Kd 3d ","9d 9c ",river,"Qs 4d 4s 8d Kh ",100,0,0,3,100,0,0,3
530,"Ac 7h ","7c 3s ",flop,"9h 9s Kh ",78,8,14,2,78,12,10,3
531,"8h 10c ","5d Qs ",flop,"Ac Ah 3s ",24,68,8,2,18,74,8,3
532,"7d 5s ","Jh 8s ",flop,"8d 5h 9d ",42,57,1,3,33,67,0,3
533,"6s 5h ","Js 4s ",turn,"Qc As 4d 3d ",28,72,0,3,26,74,0,3
534,"4h Ks ","Kd 9c ",preflop,"",23,65,12,2,14,60,26,3
535,"9d 6h ","Kd 5c ",flop,"4d As 7s ",32,64,4,3,33,66,1,3
536,"7c Qd ","8c 5c ",flop,"3c Kh 9h ",67,32,1,3,76,24,0,3
537,"4h 8d ","Js 5c ",preflop,"",39,59,2,3,31,65,4,3
538,"4d Qd ","4s Qc ",preflop,"",11,5,84,3,8,1,91,3
539,"5s 9h ","4s Kc ",turn,"3h 4h Ks 10s ",0,100,0,3,0,100,0,3
540,"Ad Qs ","7d Ks ",river,"5s 2h 10h 5h Ah ",100,0,0,3,100,0,0,3
541,"8s 3s ","Jd 5s ",river,"As 2d Ad 3h 9s ",100,0,0,3,100,0,0,3
542,"6c 7c ","Ac 7d ",flop,"4s 8s 5h ",89,0,11,3,81,0,19,3
543,"7h 2h ","Jd 8h ",turn,"10h 3h Ad 5s ",39,61,0,3,43,57,0,3
544,"9d Ad ","9c 8s ",flop,"2c Jc Ac ",68,32,0,3,63,37,0,3
545,"10h 10d ","Js 7d ",river,"5h 2h Jc 5c 9c ",0,100,0,3,0,100,0,3
546,"Kd 9h ","Qc Jh ",preflop,"",49,49,2,2,63,36,1,3
547,"3h Ac ","2s 9c ",preflop,"",67,33,0,2,70,30,0,3
548,"Kh 8d ","4s 5h ",turn,"6c 2s 3d 7h ",0,100,0,3,0,100,0,3
549,"6s 6d ","8s 2h ",turn,"Jc Ks 3s Qd ",93,7,0,3,90,10,0,3
550,"5s Ad ","4h 9s ",river,"Ah 7h 5c 8d Jd ",100,0,0,3,100,0,0,3
551,"Js 2h ","7c 10s ",preflop,"",55,43,2,3,52,47,1,3
552,"Ks 6h ","5h 10c ",flop,"6c 4c 9h ",81,19,0,3,84,16,0,3
553,"8s 6d ","10c 9d ",turn,"Kh 5h Ks Qd ",15,76,9,3,17,74,9,3
554,"6h 3h ","4h 4c ",turn,"6s 10s Jd 10c ",88,4,8,3,85,6,9,2
555,"4d 3s ","2d 3c ",river,"Kc 7h Jd Kh 4c ",100,0,0,3,100,0,0,3
556,"7c Qd ","6h 9s ",river,"Ah 5c 10h 3s 4h ",100,0,0,3,100,0,0,3
557,"9c 4h ","As 2c ",preflop,"",33,66,1,3,39,57,4,3
558,"Jc 4d ","3d Js ",flop,"9c 3s 7c ",17,80,3,3,8,88,4,3
559,"Jc 4s ","5h 7c ",turn,"8s 3s 8h Jd ",100,0,0,3,100,0,0,3
560,"3h 10s ","10c 5h ",turn,"Qs 3c 2c 4d ",69,31,0,3,70,30,0,3
561,"6c Kc ","As 4h ",flop,"10h 10d 4s ",22,78,0,2,19,81,0,3
562,"4s 5c ","Jc 10h ",turn,"7d As 2c Kc ",24,76,0,3,22,78,0,3
563,"6h 9c ","Ad 3s ",preflop,"",49,50,1,2,41,56,3,3
564,"8h 3h ","2d 3s ",flop,"Kd Jd 10h ",61,16,23,3,57,18,25,3
565,"8s 7d ","Qd 5c ",flop,"Kd Ks 3h ",20,72,8,3,24,66,10,3
566,"Kc 2c ","4d Kd ",flop,"5s 5d 6s ",14,19,67,2,9,19,72,3
567,"7h Jc ","4s Qd ",river,"Kc 8s 8c 4h 9h ",0,100,0,3,0,100,0,3
568,"Js Kc ","Ac 7d ",preflop,"",43,56,1,3,32,67,1,3
569,"9h Kd ","2d 6d ",preflop,"",68,31,1,3,64,33,3,3
570,"8h 8d ","10c 4h ",river,"10d 9h Js Kc Qh ",0,0,100,2,0,0,100,3
571,"Ac 5d ","Ks 6h ",turn,"4c Ah 8s 8h ",100,0,0,3,100,0,0,3
572,"8c Jd ","Ks Ah ",preflop,"",38,59,3,3,35,64,1,3
573,"Ks 3d ","2d 10s ",river,"5d 9d 5c 3s Kc ",100,0,0,3,100,0,0,3
574,"7c 8h ","8s Qs ",river,"As 6c Kc Qh Jc ",0,100,0,3,0,100,0,3
575,"6d Qs ","Ks 3h ",flop,"3c 5h 9c ",27,73,0,3,24,76,0,3
576,"5h Jd ","7s Kd ",preflop,"",30,69,1,3,36,64,0,3
577,"6h 3s ","6s 2c ",preflop,"",30,30,40,3,26,22,52,3
578,"2c 3h ","Qh 10s ",turn,"8s 4h Ah 10c ",13,87,0,3,10,90,0,3
579,"10h Kd ","7s 10s ",preflop,"",68,29,3,2,62,34,4,3
580,"2d 8s ","5c 4s ",turn,"7h 2h Ad 8h ",80,20,0,3,82,18,0,3
581,"2d As ","3d 6s ",preflop,"",56,43,1,3,53,45,2,3
582,"3d 4h ","9c Js ",preflop,"",44,55,1,3,43,53,4,3
583,"6s 2d ","2h 7h ",turn,"3h 10d 2c 8d ",5,32,63,3,6,26,68,3
584,"Ah Qc ","9d 6c ",turn,"6s 9h 2h 4d ",0,100,0,3,0,100,0,3
585,"Ks 10c ","4h Qs ",flop,"7c 2s 5d ",68,29,3,3,72,28,0,3
586,"Qc 5c ","8s 4h ",preflop,"",69,31,0,3,59,39,2,3
587,"6c Ad ","4c Qs ",flop,"Jd Ac Ah ",100,0,0,2,100,0,0,2
588,"2h 3h ","10c 6h ",river,"7d 7h 5s 3c 9c ",100,0,0,3,100,0,0,3
589,"Ac 2s ","4d 7d ",turn,"6h 10c 4h 10h ",12,88,0,3,15,85,0,3
590,"7c Kh ","3h 9s ",turn,"Qc 10c 3c 2s ",38,62,0,3,24,76,0,3
591,"2s 6c ","Qd 9h ",flop,"5h 10d 8d ",16,84,0,2,24,76,0,3
592,"7s 6c ","Kh 10s ",turn,"4d 6s Qc Ah ",80,20,0,3,87,13,0,3
593,"Ks 3s ","Kd Kc ",preflop,"",11,89,0,3,8,90,2,3
594,"6d Kh ","3d 2h ",preflop,"",72,28,0,2,59,37,4,3
595,"8h 5c ","10c Js ",turn,"Ks 3h 9s 2d ",8,92,0,3,12,88,0,3
596,"Kd 9c ","2d 3h ",turn,"4c 6h 10s Ac ",84,16,0,3,75,25,0,3
597,"7s 8d ","Ac 8c ",river,"Js Jh 2h Jc 10h ",0,0,100,2,0,0,100,2
598,"6d 4h ","Ac 9d ",turn,"2c 5c 6c 6s ",100,0,0,3,100,0,0,3
599,"7d 4d ","10d Kc ",flop,"2h Qh 6h ",20,74,6,3,27,66,7,3
600,"Kc 7c ","5s 4d ",turn,"6s 8s 5h 7d ",5,80,15,2,6,76,18,3
601,"Qs 10s ","5s 6d ",flop,"Jh Kc 4d ",72,26,2,3,86,13,1,3
602,"4d 3s ","Kc 2c ",preflop,"",41,58,1,3,39,60,1,3
603,"9c Jd ","6s 10s ",preflop,"",53,43,4,3,60,39,1,3
604,"7c 3c ","2c 5c ",preflop,"",59,29,12,3,48,39,13,3
605,"3h 7c ","9d 2h ",flop,"3c 7h 5h ",90,5,5,3,94,5,1,3
606,"6c 6d ","8d As ",preflop,"",54,45,1,3,55,45,0,3
607,"2s 10c ","2c 8c ",flop,"10h Jh 3h ",90,3,7,3,95,2,3,3
608,"As Kh ","8s 9h ",preflop,"",58,42,0,3,60,39,1,3
609,"10s 10c ","5d 8c ",turn,"3c Ah 6c Kc ",100,0,0,3,100,0,0,3
610,"6h 7h ","2c Qd ",preflop,"",56,44,0,3,56,41,3,3
611,"5h Jd ","10h 4c ",preflop,"",62,37,1,2,58,40,2,3
612,"8s 2s ","10s 10d ",turn,"3h 3d 9c 10h ",0,100,0,2,0,100,0,3
613,"10d Kd ","5h 2c ",river,"4h 8d 10c 3h 6c ",0,100,0,2,0,100,0,3
614,"5h Qc ","Ad 2h ",flop,"6h 7s 9s ",27,70,3,3,44,53,3,3
615,"Ad 10d ","4d 10h ",turn,"4c Jh Jc 4h ",0,95,5,2,0,98,2,3
616,"3h 9d ","2h Ad ",river,"Ac 10s 10c 10h Qd ",0,100,0,3,0,100,0,3
617,"6s 4h ","4c 8s ",turn,"10s 8h Jh 9d ",0,89,11,3,0,75,25,3
618,"3h 9s ","5s 5d ",flop,"3c 7c 2s ",20,80,0,3,16,84,0,3
619,"7s 3c ","Qs 10h ",preflop,"",31,69,0,2,27,73,0,3
620,"3s 4s ","9c 10h ",preflop,"",42,56,2,3,36,59,5,3
621,"Kc 9d ","Ah 6s ",preflop,"",42,57,1,2,43,54,3,3
622,"7h 7s ","2c 9d ",preflop,"",75,23,2,2,73,25,2,3
623,"10c 7c ","10d Js ",preflop,"",26,67,7,2,30,64,6,3
624,"7h 4s ","Qh 8c ",flop,"Js 6c 10d ",17,80,3,2,20,80,0,3
625,"8c 5d ","7d Jh ",preflop,"",35,63,2,2,38,60,2,3
626,"As Ac ","Jh Qc ",preflop,"",86,14,0,2,88,11,1,3
627,"5h 4d ","Ac 9c ",river,"8s 3h 6d 2c 10s ",100,0,0,2,100,0,0,3
628,"6h 4h ","8d 3c ",turn,"8c Js 7d Jc ",7,93,0,3,11,89,0,3
629,"Kd Qh ","2d 6d ",flop,"Qc 2s Ah ",73,27,0,3,79,21,0,3
630,"5h 7d ","9d Kc ",turn,"7c Ac Js 2h ",87,13,0,3,77,23,0,3
631,"6c 5c ","Ks 6h ",river,"Ah 4s 2c 4d 9s ",0,100,0,3,0,100,0,3
632,"7h 3h ","Qc 7c ",turn,"7d 4h 9c 8c ",4,95,1,3,3,96,1,3
633,"9c 8c ","3h 6h ",preflop,"",64,30,6,3,64,33,3,3
634,"Kc 2d ","Jd As ",turn,"2h Kh 9d 2s ",100,0,0,3,100,0,0,3
635,"2s Qc ","Ah 10s ",river,"Js Qd 3s Ks 8s ",0,100,0,3,0,100,0,3
636,"Ac Qc ","Jc 8d ",river,"8s 9d 5d 2d 3s ",0,100,0,3,0,100,0,3
637,"9h 4d ","Qd Ah ",turn,"Kd Ad 7d 5s ",0,100,0,3,0,100,0,3
638,"2h 10h ","7s Jd ",river,"Kh Ah Qc Kd Qd ",0,0,100,3,0,0,100,3
639,"9d 6c ","2d 10h ",river,"7c Js 5s 4h 5h ",0,100,0,3,0,100,0,3
640,"9s 3s ","7c 6h ",flop,"Kc 8s 7s ",42,58,0,3,42,58,0,3
641,"6d 10s ","Qd 4c ",flop,"9s 2s Ks ",54,45,1,3,56,44,0,3
642,"6s Jc ","8s Js ",turn,"4h 8c Ac 3d ",0,100,0,3,0,100,0,3
643,"Jc Qh ","8h 9d ",preflop,"",61,35,4,3,65,32,3,3
644,"4h 5h ","9c 3d ",river,"10c 7s 8c Ad 3c ",0,100,0,3,0,100,0,3
645,"10s Qd ","Jd 6h ",river,"8c 6d 2d Ah Qs ",100,0,0,2,100,0,0,3
646,"Qc 5c ","3d 9h ",river,"Jd 5h Qh As Js ",100,0,0,3,100,0,0,3
647,"Jh Ac ","10h 3d ",flop,"8s Kd 4d ",71,29,0,3,72,26,2,3
648,"Ad Js ","Kh 9d ",preflop,"",64,35,1,3,61,39,0,3
649,"8c 2s ","7h Ac ",turn,"Ad 6d 9d 4d ",0,83,17,3,0,79,21,3
650,"Kd 9d ","6s Qc ",turn,"3d Ah Kh 10d ",97,3,0,3,90,10,0,3
651,"2s Kd ","10s Ad ",flop,"2d 5h Qd ",75,25,0,3,65,35,0,3
652,"Kd Qd ","4c Qc ",flop,"10s 5h 7c ",74,25,1,3,82,17,1,3
653,"Qh 7d ","9d 2c ",river,"6h Ah 8s 3d 7c ",100,0,0,3,100,0,0,3
654,"9c 10d ","3h 4d ",preflop,"",68,30,2,3,68,31,1,3
655,"6c 7d ","6d Qs ",flop,"5h 7h 8d ",62,10,28,2,59,10,31,3
656,"9d 8s ","10d 7h ",preflop,"",43,54,3,2,41,58,1,3
657,"Qs 2s ","Ad 4h ",river,"5c 3s Jc Ac 4s ",100,0,0,2,100,0,0,3
658,"Jh 9h ","2d 5d ",flop,"4s 3c 2c ",15,82,3,3,27,71,2,3
659,"5d 2d ","3c 7d ",flop,"Ad Qc As ",31,38,31,3,31,33,36,3
660,"10d Ac ","3s 7h ",river,"9s Qh Kd 9c 3h ",0,100,0,3,0,100,0,3
661,"As Kh ","Ks 7h ",flop,"9s 5c 10d ",83,17,0,3,88,11,1,3
662,"Qc 6c ","8d 6d ",river,"3c 4c 8c Kd Qd ",100,0,0,3,100,0,0,3
663,"Jd Ks ","2s 3s ",flop,"2d 3d 10d ",34,66,0,3,36,64,0,3
664,"Ad 3d ","Jc 8s ",turn,"3h Js Qd 3s ",95,5,0,3,95,5,0,3
665,"Jc 5d ","Ks 9c ",preflop,"",33,64,3,3,35,65,0,3
666,"2c 2d ","9h 5d ",preflop,"",52,45,3,3,54,44,2,3
667,"Kc Ks ","7c Ad ",preflop,"",64,36,0,3,71,28,1,3
668,"2h As ","6c 10d ",flop,"Kd 3d 4c ",76,22,2,3,77,23,0,3
669,"6d 4s ","2h Jc ",river,"Qh As 5d 10d 9c ",0,100,0,3,0,100,0,3
670,"8s 9s ","Qs Ah ",turn,"4h 2d As Kc ",0,100,0,3,0,100,0,3
671,"5d Ah ","Qh 6s ",turn,"7s Kd 2c 8h ",81,19,0,3,84,16,0,3
672,"7d As ","Qc 10c ",flop,"4c 7c 10d ",15,85,0,3,21,79,0,3
673,"Jc Ac ","8c 3h ",flop,"Js Kc 4d ",99,1,0,3,98,2,0,3
674,"Qh 2s ","4d Js ",turn,"9s 7d 9c 10s ",68,29,3,3,79,18,3,3
675,"9h 10c ","8c Qd ",preflop,"",49,50,1,3,32,63,5,3
676,"3s 10c ","4h 2s ",river,"9d 5c 5s Qc Jh ",100,0,0,3,100,0,0,3
677,"2d 8h ","2h 9h ",flop,"6c 6h 5h ",13,70,17,3,8,70,22,3
678,"Qd 9s ","As Jh ",river,"Js 8c Ah Qs 10d ",100,0,0,3,100,0,0,3
679,"Kh Qs ","10c 10d ",flop,"8d Qd 4c ",83,17,0,3,84,16,0,3
680,"2h 5h ","Qh 4s ",turn,"7d Jc 5c Jh ",85,15,0,3,89,11,0,3
681,"6c 8d ","Ah Kh ",preflop,"",25,72,3,2,33,64,3,3
682,"9h 6s ","Qh 8d ",preflop,"",33,66,1,2,43,56,1,3
683,"Qh 9s ","Ac 4h ",river,"4c Kd 9h 7d 8d ",100,0,0,3,100,0,0,3
684,"6s 10c ","Jd 8h ",flop,"4c 9h Jc ",14,86,0,3,19,81,0,3
685,"9s 8d ","Kc Ks ",river,"Qc Qh 2d 3s 6h ",0,100,0,3,0,100,0,3
686,"4c 4s ","7c 7h ",river,"7d 3h 9s 8h Jc ",0,100,0,2,0,100,0,3
687,"Qc Kd ","2d 4s ",flop,"Ac Kh 6h ",97,3,0,3,98,2,0,3
688,"6h 7d ","7s 9c ",turn,"Qc 2d Ac 8h ",3,97,0,3,6,94,0,3
689,"10h 8c ","2c 9d ",turn,"Kc 6h Jc Js ",74,18,8,3,76,14,10,3
690,"10h As ","Kh 6d ",turn,"7h Qc 7d 10s ",91,9,0,3,89,11,0,3
691,"4c Jd ","6s 4d ",river,"4s 6d Ac 7h 9c ",0,100,0,3,0,100,0,3
692,"8d 2s ","Ks 3c ",flop,"2h 8s 4s ",89,11,0,3,91,9,0,3
693,"4s 4c ","10d Kd ",flop,"3s 4d Qs ",100,0,0,2,100,0,0,3
694,"6h Ks ","4s 3d ",river,"Qd 3c 3s 8c 7c ",0,100,0,2,0,100,0,3
695,"9d 4h ","9c Ac ",preflop,"",21,74,5,2,20,72,8,3
696,"3h 9s ","2c 3s ",flop,"8d 10h Qd ",84,10,6,3,77,8,15,3
697,"Kd 2h ","8c 10d ",preflop,"",50,48,2,3,48,48,4,3
698,"Ah 4d ","6h Qc ",river,"Qh 3c 9h 6s 5c ",0,100,0,3,0,100,0,3
699,"Qs 4c ","9h 5s ",turn,"8d 3s 2d 4s ",73,27,0,3,74,26,0,3
700,"Jh 5d ","6c 3h ",flop,"Ad 7d 4d ",77,22,1,3,83,15,2,3
701,"2s 10s ","6c 7s ",flop,"Qc Qh Jc ",63,23,14,3,65,22,13,3
702,"4c 6s ","9s 2d ",preflop,"",39,54,7,3,42,52,6,3
703,"9h 8h ","3s 4c ",preflop,"",67,30,3,3,68,32,0,3
704,"Ad 3h ","7h 9h ",river,"Js Jc 7s 9c Qd ",0,100,0,3,0,100,0,3
705,"2h 8d ","10h 4h ",flop,"6s 6h Jd ",18,59,23,3,17,68,15,3
706,"2d 6h ","8d 3c ",river,"7c Kh Ac 3s 8h ",0,100,0,3,0,100,0,3
707,"3c 2d ","5d 5s ",turn,"4d Qs 10h Qh ",0,100,0,3,0,100,0,3
708,"5s Jh ","10h 4c ",river,"5c 2s 7s As 2d ",100,0,0,3,100,0,0,3
709,"4c 8c ","Ah 6s ",flop,"Jh Jd 5c ",22,73,5,3,25,71,4,3
710,"5s Qc ","7s 8h ",turn,"6h 5d 9d Ac ",4,96,0,3,3,97,0,3
711,"8c 9d ","7h 5d ",turn,"4s 2s 10c 5h ",10,90,0,3,10,90,0,3
712,"2s 5d ","3s 4s ",flop,"Ah Jh Ad ",18,21,61,3,25,18,57,3
713,"Kd Ac ","4h 6c ",river,"As 8c 7c 5h 8h ",0,100,0,3,0,100,0,3
714,"4h 5s ","2h 6h ",preflop,"",41,44,15,3,27,56,17,3
715,"6c 2h ","Jd 8c ",preflop,"",32,65,3,2,31,66,3,3
716,"6c Jc ","Qh 7h ",turn,"Ah Qs 7d 10c ",3,97,0,3,13,87,0,3
717,"Jd 5h ","Qs 8c ",preflop,"",45,54,1,2,38,61,1,3
718,"7h Ad ","3d 7c ",river,"10d Qc 7d 9s Jd ",100,0,0,3,100,0,0,3
719,"3h Jd ","10c 3c ",flop,"Qh Qd Qc ",17,13,70,2,15,13,72,2
720,"Jh 5c ","6h 9s ",preflop,"",51,45,4,2,63,32,5,3
721,"As 9s ","Qh 2d ",flop,"4c Js 9c ",88,12,0,3,82,18,0,3
722,"5c 2c ","7h Js ",flop,"Jh 7s Kh ",1,99,0,2,0,100,0,3
723,"9d Qs ","Js 4s ",river,"Qc 2h 3s 2s 4h ",100,0,0,3,100,0,0,3
724,"Jh Js ","Ad 5d ",turn,"Qc 8h 2h 10c ",93,7,0,3,96,4,0,3
725,"Jh Js ","7s 5d ",preflop,"",87,13,0,2,78,22,0,3
726,"9d 9s ","Qs 6d ",turn,"4d Js 2h 5c ",88,12,0,3,84,16,0,3
727,"Ah 10s ","5h 4d ",turn,"3h Jc 2c 3c ",71,22,7,2,70,24,6,3
728,"10d As ","Qs Qc ",turn,"Jc 3d Qh 2h ",0,100,0,3,0,100,0,3
729,"6d 3s ","Ad 10h ",turn,"10d 7s 7d Kc ",0,100,0,3,0,100,0,3
730,"3d 5c ","3s Kc ",flop,"Jc 9h Ks ",0,99,1,3,0,98,2,3
731,"10s 5c ","8d 6c ",flop,"Kd Ks 9h ",76,16,8,3,66,21,13,3
732,"8h Ah ","3s 8d ",flop,"4d 4h 10h ",85,6,9,3,82,3,15,3
733,"2h 6s ","3c 3d ",flop,"3s Kc 8c ",1,99,0,2,1,99,0,3
734,"8h Jd ","10h As ",flop,"Ks 6d Ah ",4,96,0,3,1,99,0,3
735,"3h 6s ","5c 8h ",preflop,"",26,66,8,2,40,57,3,3
736,"4c 5h ","4s 5d ",flop,"Jc Qs 3c ",5,0,95,3,5,0,95,3
737,"3d 10s ","Kc 2s ",river,"Jc 10d 6h Ah 4c ",100,0,0,3,100,0,0,3
738,"10h 5d ","Ks 5s ",preflop,"",29,69,2,3,18,80,2,3
739,"5h 3d ","4h 8s ",turn,"8c Ac 3s Jh ",5,95,0,3,20,80,0,3
740,"Ks Js ","5s 10s ",flop,"9h 2d 3c ",69,30,1,3,78,20,2,3
741,"2s 3c ","2c 10c ",river,"Qc Qd 8s 10d 6s ",0,100,0,3,0,100,0,3
742,"Ah 5d ","4d 2h ",preflop,"",70,29,1,3,66,33,1,3
743,"3s 2s ","6h 8d ",preflop,"",30,64,6,3,37,60,3,3
744,"2s 4h ","Kd 9s ",turn,"8d 4s Qc Jc ",76,24,0,3,81,19,0,3
745,"9c 7d ","4s 2h ",river,"7c Js 5d Qc 7h ",100,0,0,2,100,0,0,3
746,"9s 6h ","9h 2h ",river,"9c 7d 5h 5c Qs ",0,0,100,3,0,0,100,3
747,"6s 5d ","As 4h ",river,"Kh 3c 5h 5c 2h ",100,0,0,2,100,0,0,2
748,"3s Js ","4s 6d ",flop,"2d 4h 8c ",15,85,0,3,14,86,0,3
749,"4h Qs ","4s Jc ",turn,"Ad 3s 5h 6d ",84,5,11,3,76,8,16,3
750,"7c 4s ","10d 3h ",river,"5d Ks 8c Ah 10s ",0,100,0,3,0,100,0,3
751,"5h 6s ","As 3d ",preflop,"",37,61,2,2,43,55,2,3
752,"10s 2d ","10d 6c ",turn,"Jc 4d As 9h ",8,22,70,3,10,23,67,3
753,"4s Qc ","5d 6h ",preflop,"",52,45,3,3,59,41,0,3
754,"Js Kd ","4s 7s ",turn,"8d As Ah Kh ",100,0,0,2,100,0,0,3
755,"6h 5h ","Qs 4d ",flop,"10s Jh 8c ",26,73,1,3,28,71,1,3
756,"9h As ","7s 5s ",river,"Qs 4h Ah Jd 9c ",100,0,0,3,100,0,0,3
757,"3d 7s ","4h 5c ",flop,"5h 6c 6s ",25,75,0,3,34,65,1,3
758,"Ks Jd ","Js Ah ",flop,"9h Jh 3c ",15,78,7,3,10,87,3,3
759,"As 6h ","4c 5h ",preflop,"",58,41,1,2,69,31,0,3
760,"9d Kc ","2d Qs ",river,"4s 6c 5d Qc 3s ",0,100,0,2,0,100,0,3
761,"7d 10d ","6s 10c ",river,"As 8d 10s Js 5s ",0,100,0,3,0,100,0,3
762,"3c 7c ","5s 8d ",turn,"Ad 6h 4s 9s ",14,86,0,3,13,87,0,3
763,"10c 7c ","7h 4c ",turn,"Qh 3s 8d 5d ",82,18,0,3,78,22,0,3
764,"2c 7d ","5s 10s ",river,"8h 10h Kd Jh 10d ",0,100,0,2,0,100,0,3
765,"9d 10s ","3c 4d ",flop,"4h 9h 10c ",90,10,0,3,90,10,0,3
766,"8c 3d ","3h 6s ",flop,"10c Ks Ad ",57,11,32,2,59,12,29,3
767,"7d 5h ","10h 4h ",flop,"3h 3c Ah ",18,69,13,3,20,68,12,3
768,"Ah 3s ","Jd 5d ",preflop,"",53,46,1,2,71,28,1,3
769,"Qd 9h ","Qs Jd ",river,"2d Jh 3d 8d Jc ",0,100,0,2,0,100,0,3
770,"Kd 3h ","4s 5c ",turn,"Ad Ah 6d 9c ",79,17,4,3,84,13,3,3
771,"Qc 4s ","10h 8h ",turn,"5h 2c 3c 4c ",86,2,12,3,76,6,18,3
772,"Ad Jd ","9d 6h ",flop,"7s 8c Jh ",60,38,2,3,72,28,0,3
773,"2s 10c ","6h 4s ",turn,"4d Jh Ah 3d ",15,85,0,3,10,90,0,3
774,"Ac 10h ","4c Qc ",turn,"8c 5c 8s 3s ",65,32,3,3,69,29,2,3
775,"10h 7d ","3s 2s ",preflop,"",63,32,5,3,55,43,2,3
776,"4s Jd ","6c Ac ",river,"Jc 6d 4d Kd Ad ",100,0,0,3,100,0,0,3
777,"Ac 10h ","7h Kh ",river,"4s Kd Qs Ad 6h ",100,0,0,2,100,0,0,3
778,"8d 9s ","Kc 6d ",river,"Qd 9d 6s 4c 3c ",100,0,0,2,100,0,0,3
779,"Js 5h ","8c 2d ",turn,"10h 3c 7d 9c ",76,24,0,3,76,24,0,3
780,"4s 8s ","As Jh ",river,"Qd 9d 5h 5d Jd ",0,100,0,2,0,100,0,3
781,"7s 4h ","6d 10d ",preflop,"",39,58,3,2,29,67,4,3
782,"6c 6s ","7h 4d ",flop,"Ac 5h 5c ",89,11,0,2,90,10,0,3
783,"Ks Jd ","2c 3d ",flop,"Kd 3s 10c ",75,25,0,2,77,23,0,3
784,"2h Kd ","10s Qs ",turn,"8h Qd Qh 7s ",0,100,0,2,0,100,0,3
785,"Ks 9s ","8s 4c ",preflop,"",72,27,1,2,59,38,3,3
786,"Qh 9s ","As 9h ",turn,"4s 6h 7c 5c ",10,76,14,3,11,75,14,3
787,"8h Kh ","10h 9s ",river,"Qs 8c 6s 3d 6d ",100,0,0,3,100,0,0,3
788,"Ad 10d ","2d 6s ",preflop,"",66,33,1,2,69,30,1,3
789,"Jd 2s ","As 8d ",preflop,"",37,62,1,2,33,64,3,3
790,"Js 4d ","8c Jd ",turn,"Ah Ac 4s 6d ",82,11,7,3,86,8,6,3
791,"5h 6d ","10h Kh ",river,"4c 3d 3s 7c Jc ",100,0,0,2,100,0,0,2
792,"Ad 3s ","3d 9d ",turn,"2s 10c 5s 7c ",95,5,0,3,89,11,0,3
793,"3s Jh ","9s 5d ",flop,"5h Kc Ac ",19,81,0,3,15,85,0,3
794,"10c 3s ","6s Qc ",river,"9d 3c 4h 9s 6h ",0,100,0,3,0,100,0,3
795,"3h 10d ","2d 5s ",flop,"7c Qd Ac ",69,28,3,3,74,22,4,3
796,"7s 9s ","10c 6c ",preflop,"",39,59,2,3,45,53,2,3
797,"8c 3d ","6s 4s ",preflop,"",55,40,5,3,55,40,5,3
798,"3d Ks ","As 3s ",flop,"9d 8h 2s ",24,75,1,3,9,90,1,3
799,"8d 4c ","4h Ah ",river,"Kd 3s 3c Jc Ad ",0,100,0,3,0,100,0,3
800,"9s 5c ","Jd Kd ",flop,"5s As Qd ",59,41,0,3,58,42,0,3
801,"5d Kc ","5c 7h ",turn,"10c Jc 6d 8d ",74,26,0,3,78,22,0,3
802,"8d 7h ","3s 3c ",preflop,"",49,51,0,3,49,51,0,3
803,"7c 2c ","9s 6h ",flop,"Qh 10d Ah ",12,71,17,3,18,71,11,3
804,"7c 6s ","8h 8s ",flop,"Ac As 2d ",1,99,0,3,1,99,0,3
805,"8c Ah ","5c As ",flop,"Js 6s Ks ",32,43,25,3,20,50,30,3
806,"9s 7d ","3d 9c ",flop,"As 10d 7s ",93,1,6,3,95,0,5,3
807,"10c 9h ","Jd 7s ",turn,"6h 8h 9c 6c ",80,20,0,3,83,17,0,3
808,"5h 3d ","2s 6c ",flop,"7h 4c 3h ",90,9,1,3,86,14,0,3
809,"Jc 3s ","Ks 10c ",preflop,"",38,62,0,3,50,50,0,3
810,"Ad Js ","8c 5h ",river,"7c 3h 9d 8d Qh ",0,100,0,3,0,100,0,3
811,"2h Jh ","Ah Jd ",river,"Qs 3c 3s 5c 9c ",0,100,0,3,0,100,0,3
812,"4d 4s ","Qc Ac ",river,"9h 5c 5h Kc 7c ",0,100,0,3,0,100,0,3
813,"6s Kh ","8s Jc ",turn,"Ad 4c 3h Jh ",6,94,0,3,8,92,0,3
814,"As 4c ","7c Qh ",river,"5d 3h 2s Qc Js ",100,0,0,2,100,0,0,3
815,"Kc 8h ","6d Qd ",preflop,"",65,35,0,2,61,37,2,3
816,"Jh Ks ","As 8h ",river,"3h 8s Kc 5s 10s ",100,0,0,2,100,0,0,3
817,"4c As ","5h Jh ",flop,"Qd 9s 3c ",70,30,0,3,71,28,1,3
818,"7c 10d ","6d 2s ",turn,"5s Kd 9h Jh ",87,13,0,3,83,17,0,3
819,"2d Ac ","10s Qd ",flop,"Qc 10h 10d ",1,99,0,2,1,99,0,2
820,"8h 4c ","8s 3h ",turn,"Kc 7h 10h 7s ",6,8,86,3,6,6,88,3
821,"4s 8h ","10d 10h ",river,"9h 7c 8c Qs Ks ",0,100,0,3,0,100,0,3
822,"8d 10d ","7d Kd ",turn,"3c Qd 4d 4c ",11,87,2,3,17,74,9,3
823,"7h 9d ","7s 4s ",flop,"2s 4d Ks ",12,88,0,3,9,91,0,3
824,"9h Qc ","Jd 8c ",flop,"2c 8d 7c ",29,71,0,3,32,68,0,3
825,"10c Qc ","8h Js ",turn,"8c 4h 3h 5c ",37,63,0,3,31,69,0,3
826,"7h 5s ","4h 7c ",turn,"9h 7s 3c 10c ",22,5,73,3,10,7,83,3
827,"4s 8h ","6h 3h ",turn,"10c 6s 7c Kc ",25,75,0,3,27,73,0,3
828,"6d Ah ","2s 10c ",river,"Jh 5s 9d 9c Qs ",100,0,0,3,100,0,0,3
829,"9d 8c ","3h 7s ",river,"5d 8d 6c Kh Ah ",100,0,0,3,100,0,0,3
830,"3s 2h ","2d Ah ",flop,"4s Kc 6c ",29,67,4,2,25,73,2,3
831,"3s Js ","Jd 10d ",flop,"Ad 7s 5d ",10,84,6,3,14,73,13,3
832,"Jd 2d ","Kd Jc ",turn,"5h 4h 7d Qh ",8,92,0,3,5,95,0,3
833,"2s Kd ","10h Js ",preflop,"",48,52,0,3,46,53,1,3
834,"As 5s ","2h 8s ",preflop,"",77,22,1,3,66,33,1,3
835,"2c 8s ","9s 10d ",preflop,"",36,63,1,3,34,61,5,3
836,"6s Jd ","As Kc ",turn,"7s 4s Qd 8c ",16,84,0,3,21,79,0,3
837,"Kh 5d ","Kd 6c ",preflop,"",14,41,45,3,20,41,39,3
838,"4d Jh ","Ah Qd ",river,"Ac 3d 5s 9h 8h ",0,100,0,3,0,100,0,3
839,"9d 2s ","Ac 8h ",preflop,"",35,63,2,3,34,66,0,3
840,"2d Jc ","Qh 7s ",flop,"10h Jd 8h ",66,32,2,3,69,30,1,3
841,"2s 6s ","8s 10s ",river,"Ad 5c 3c Jc 3h ",0,100,0,3,0,100,0,3
842,"4c 5s ","Jc Qc ",river,"5c 2c Ah Js 4h ",100,0,0,3,100,0,0,3
843,"8s 9d ","3h 7h ",flop,"7c 9h 10h ",52,45,3,3,59,40,1,3
844,"4h 3d ","Kd 10h ",flop,"7c Qd 3c ",71,29,0,3,64,36,0,3
845,"4h 7s ","Jd Qs ",flop,"3s 8c Qd ",2,98,0,3,2,98,0,3
846,"6h 2h ","As 6c ",river,"Qc 10d 3c 7s Ac ",0,100,0,3,0,100,0,3
847,"Kd 6s ","2d 9d ",turn,"Qc 8s 5s 9c ",14,86,0,2,16,84,0,3
848,"3s Kc ","6s Jh ",river,"5d As 7d Qc Jd ",0,100,0,3,0,100,0,3
849,"Ad 5d ","6s Ah ",flop,"10h 4h Jd ",22,33,45,3,11,37,52,3
850,"8s 8h ","Ad 7c ",turn,"5h 7s 3h Jd ",92,8,0,3,88,12,0,3
851,"2d 5c ","3h 4s ",flop,"6s 3s Kh ",26,74,0,3,26,74,0,3
852,"5d 8c ","Kh Kc ",turn,"Ks 7h As 4c ",0,100,0,2,0,100,0,3
853,"7c 3d ","9h 3c ",turn,"3h Jh 4c 9d ",0,100,0,2,0,100,0,3
854,"Qd 5d ","2h 2s ",preflop,"",46,52,2,2,41,57,2,3
855,"7s 5s ","2h 3d ",preflop,"",60,33,7,3,62,30,8,3
856,"7s 8c ","Ad 6s ",turn,"8s Kc 5s 7c ",85,15,0,2,85,15,0,3
857,"5d 9d ","5s 10s ",turn,"3h Kd Qs Qd ",26,57,17,3,27,60,13,3
858,"4c 9c ","Kc 5s ",preflop,"",38,60,2,3,41,58,1,3
859,"Qd 7c ","Ks Kc ",preflop,"",9,90,1,3,16,84,0,3
860,"3h 7h ","2s 8c ",flop,"5d 5s 2d ",22,78,0,3,26,73,1,3
861,"Ac 4s ","2d 7d ",river,"9s 7c 4d 6h 3s ",0,100,0,3,0,100,0,3
862,"9c 2s ","5d Jh ",river,"5h 6c 8d 2h Jd ",0,100,0,3,0,100,0,3
863,"6d 9d ","9s 10c ",turn,"Kd 7h 9c 4c ",12,73,15,3,4,73,23,3
864,"3c 6s ","9d Qs ",turn,"5s As Qd 7s ",6,94,0,3,7,93,0,3
865,"5s 8d ","Ks 3s ",turn,"8s 3h 3c As ",5,95,0,3,4,96,0,3
866,"7d 4h ","5d Kc ",river,"9h Qh 8d 8c 9c ",0,100,0,3,0,100,0,3
867,"Jc 9c ","5c As ",flop,"2d Kc Kh ",27,66,7,3,25,69,6,3
868,"3h 10d ","Qh 3d ",river,"6h Js 2s 5h 8s ",0,100,0,3,0,100,0,3
869,"8h 2c ","9d 3s ",turn,"Qc Ah 3c 5s ",9,91,0,3,20,80,0,3
870,"4h Kd ","Ah 2c ",flop,"4d 5s 2d ",54,45,1,3,71,25,4,3
871,"2d 9s ","9c 8d ",turn,"10d 2s 6d Ah ",80,20,0,3,89,11,0,3
872,"4s 3h ","5s 10h ",turn,"9c Jd 2s 7c ",19,81,0,3,14,86,0,3
873,"10c 5h ","3s Kc ",river,"7d Qd 2d 2c 3h ",0,100,0,2,0,100,0,3
874,"5c Kh ","Kc 6h ",preflop,"",24,38,38,2,28,32,40,3
875,"5c 2h ","2c Kh ",turn,"Qh 6s Jc Qd ",3,91,6,3,12,84,4,3
876,"8c 10d ","Kc 8h ",flop,"4h 6c 6h ",12,77,11,3,11,80,9,3
877,"10s Ah ","2h 9s ",turn,"9d 4d 10c 4h ",95,5,0,3,95,5,0,3
878,"8h 8s ","9c 4c ",flop,"5c 10d 10s ",85,15,0,3,76,24,0,3
879,"3d Kc ","2d 7h ",flop,"6d 5d 4h ",68,29,3,2,71,27,2,3
880,"7h 3d ","10d 3h ",preflop,"",20,73,7,2,14,76,10,3
881,"2h 2d ","9s Ad ",turn,"3s 2s 7d 8h ",100,0,0,2,100,0,0,3
882,"Js Jd ","3c 5d ",preflop,"",84,16,0,3,78,22,0,2
883,"10s Qh ","Ad 6d ",turn,"7h 4d 4h 5s ",13,78,9,2,12,84,4,3
884,"Ac 2d ","3h 9h ",river,"5s 7s Qh 4h 8s ",100,0,0,3,100,0,0,3
885,"Ac 2s ","9h 9c ",turn,"7h Kc 4c Ks ",8,92,0,3,6,94,0,3
886,"2d 6s ","6d 10d ",preflop,"",23,68,9,2,19,70,11,3
887,"10s 5c ","9h 6d ",turn,"Kc 6s 2d 5d ",9,91,0,3,11,89,0,3
888,"8s 5d ","10s 3s ",turn,"5c 9s 8d 9h ",89,11,0,3,88,12,0,3
889,"5h 2s ","Ks Ac ",flop,"3s 10d 9s ",28,72,0,3,19,80,1,3
890,"5h Jh ","As 10d ",preflop,"",40,60,0,3,46,54,0,3
891,"Kc 9d ","Js 7c ",preflop,"",76,24,0,3,59,40,1,3
892,"4d 9d ","8s 2c ",flop,"5h 5s 5d ",22,20,58,2,32,20,48,2
893,"Js 3c ","7h 8s ",preflop,"",51,46,3,2,57,42,1,3
894,"Qd 10h ","3d 2d ",flop,"7d Jh Qs ",96,4,0,3,92,8,0,3
895,"2s Ks ","3h 3d ",preflop,"",31,66,3,3,31,69,0,3
896,"Ac Kc ","10d 6c ",turn,"7c 9d 9c 10h ",26,74,0,3,32,68,0,3
897,"6d Kc ","2s 7c ",preflop,"",74,24,2,3,64,36,0,3
898,"As Kh ","Jh Qd ",turn,"5c 6c 7h Qs ",21,79,0,3,14,86,0,3
899,"Kd 10d ","Ah 9h ",river,"5d 9d 10c 7d 4c ",100,0,0,3,100,0,0,3
900,"Kh 5d ","Jd 7d ",river,"3d 4h 2s Jc 8c ",0,100,0,3,0,100,0,3
901,"7h Jh ","7d 5h ",turn,"3h 9h Js Kd ",100,0,0,3,100,0,0,3
902,"Qc 4c ","8d Jh ",river,"10s 10c Ah 8h 8s ",0,100,0,2,0,100,0,3
903,"Qc Jd ","7h 4c ",turn,"9c 6h Kc Js ",100,0,0,3,100,0,0,3
904,"6c 10d ","3h 2c ",preflop,"",74,24,2,2,58,40,2,3
905,"As 4d ","9h 4s ",preflop,"",71,27,2,3,73,25,2,3
906,"4s 7d ","Jh Kc ",flop,"Js Jc Kd ",0,100,0,3,0,100,0,2
907,"3s 10c ","Qh Kd ",turn,"6d 5c 7c 7h ",17,79,4,3,27,71,2,3
908,"9c Kh ","8h 10d ",river,"8d Qs 7s Qc Jd ",0,100,0,3,0,100,0,3
909,"Ad Jh ","3d Kc ",turn,"Ac Ah 2d 6c ",100,0,0,2,100,0,0,3
910,"9s Qh ","Ks 7s ",flop,"7d 8s 9d ",74,24,2,3,77,20,3,3
911,"3c 7h ","8h 3h ",preflop,"",24,58,18,2,19,72,9,3
912,"Qh 8d ","9h 5h ",preflop,"",69,29,2,2,50,45,5,3
913,"Kd 3s ","2d 9d ",preflop,"",55,42,3,2,58,40,2,3
914,"2s Kd ","10c 6c ",preflop,"",51,48,1,2,55,44,1,3
915,"Ah Ks ","Kd Js ",turn,"5d 6s 5h 10d ",92,4,4,3,94,4,2,3
916,"9d 9h ","6c 7d ",turn,"8c 7c 8h 7h ",7,93,0,2,9,91,0,2
917,"2h Ah ","4h 4d ",flop,"8c 3s 10s ",9,91,0,2,14,86,0,3
918,"Jh 6d ","Qh 3s ",turn,"Kd 8c 8h Jc ",94,6,0,3,97,3,0,3
919,"Ah 7d ","Ks 5d ",preflop,"",63,35,2,2,61,38,1,3
920,"9h 3h ","7s Jc ",turn,"10c 5c Qc 6h ",13,87,0,3,15,85,0,3
921,"8c 10h ","Kh Qh ",flop,"3h Qs 10d ",16,84,0,3,21,79,0,3
922,"Kc Js ","10s 8h ",flop,"Qd Kh 2h ",93,7,0,3,94,6,0,3
923,"Qc 6d ","5d 6c ",flop,"10c 9s 10s ",75,11,14,3,70,13,17,3
924,"10d 3c ","5h 4c ",flop,"3d 7d 8h ",68,32,0,3,62,38,0,3
925,"Qs 9c ","6h 2d ",river,"2s Jh 3d 5s 6c ",0,100,0,3,0,100,0,3
926,"4h 9s ","2s 3d ",turn,"Qs 6d 7d 7c ",79,14,7,3,69,18,13,3
927,"7h 5h ","9c 8c ",flop,"Kc 8h Ks ",9,91,0,3,9,91,0,3
928,"Qd 8s ","9d 6c ",river,"3d 3h Ks 8c 3c ",100,0,0,2,100,0,0,3
929,"10d 10s ","9c 6h ",flop,"3h Ac 7s ",92,8,0,3,94,6,0,3
930,"7s Jd ","4s 3h ",river,"2d 8d 5h 8c 4h ",0,100,0,3,0,100,0,3
931,"10h Qc ","7s Qh ",river,"8c 7d 3s 10c Ah ",100,0,0,3,100,0,0,3
932,"Js 10h ","5s 9s ",river,"8d Ad 2c As Ac ",0,0,100,2,0,0,100,3
933,"Ks 10d ","Jd 9h ",flop,"5h 3s Qs ",87,13,0,3,73,26,1,3
934,"2h Qh ","Qd Qc ",turn,"Kd 4c Kc Ac ",0,91,9,3,0,89,11,3
935,"9c 10s ","Ad 8s ",flop,"3d 5c Ah ",1,99,0,3,1,98,1,3
936,"8h 4c ","7d 9s ",flop,"Qc 7s 3s ",18,82,0,3,12,88,0,3
937,"8h 7d ","4d 7s ",preflop,"",64,24,12,3,64,17,19,3
938,"9c 6d ","9h 8s ",river,"10s 3d 8h 7c 2c ",100,0,0,2,100,0,0,3
939,"7c Kd ","5s 4d ",turn,"4c Qd 8s 3h ",15,85,0,3,21,79,0,3
940,"6s 8c ","3d 2s ",flop,"4s Qs 3h ",26,74,0,3,33,67,0,3
941,"Jc Ah ","8s 8d ",river,"Js 3c 10s 10h 2c ",100,0,0,3,100,0,0,3
942,"6d 2c ","Ac Jh ",turn,"5h 10h 2d 10c ",78,22,0,3,76,24,0,3
943,"Kc Qs ","Qc 4h ",river,"7c 4s Kd 9d Ac ",100,0,0,3,100,0,0,3
944,"10s Ad ","2h 6h ",preflop,"",58,41,1,2,60,39,1,3
945,"10c 10s ","6h 4c ",flop,"5s 6d 5d ",82,18,0,2,89,11,0,3
946,"Ah 7h ","4c 4s ",river,"Js 6c 7c 8c 10h ",100,0,0,2,100,0,0,3
947,"Kd 2c ","5h 4s ",flop,"9d 8h 3d ",77,23,0,2,79,20,1,3
948,"2d 3c ","9d 9c ",turn,"10c 3s Ad 5h ",27,73,0,3,22,78,0,3
949,"Ah 7c ","4d Qc ",flop,"10c 4c 4s ",1,99,0,2,2,98,0,3
950,"6s 10c ","Kc Js ",preflop,"",37,61,2,2,33,63,4,3
951,"3h 4d ","4s Jc ",turn,"5h Qd 8h 6c ",20,66,14,2,15,74,11,3
952,"10c Kc ","4h 4s ",preflop,"",42,58,0,2,48,52,0,3
953,"9s 7h ","Qc 9d ",turn,"Jd 10s 4h 7d ",67,33,0,3,79,21,0,3
954,"Ad 8c ","9d 3c ",flop,"6d As 4h ",96,4,0,3,96,4,0,3
955,"7c 9h ","Qh 8h ",flop,"3s 9s Ad ",84,16,0,3,85,15,0,3
956,"6h 9s ","7c Jd ",preflop,"",40,58,2,3,40,56,4,3
957,"2c 7s ","Ac Js ",river,"2d 10h 7c Kh 3c ",100,0,0,3,100,0,0,3
958,"3d 8d ","10h Kc ",flop,"7s 6d 10s ",20,78,2,3,18,82,0,3
959,"Jc 8c ","5h 6d ",flop,"2s 4h 4c ",51,39,10,3,53,32,15,3
960,"5h Ac ","2h 5d ",preflop,"",74,20,6,2,74,24,2,3
961,"10s 5d ","6d Ah ",river,"2h 9d 6c Qs Jh ",0,100,0,3,0,100,0,3
962,"9c Qc ","5h Kh ",turn,"3s 8c As 7s ",16,84,0,3,19,81,0,3
963,"5d 9h ","6s Kd ",turn,"2h 3s 7h 2s ",11,86,3,3,13,75,12,3
964,"2d 3d ","Qs 3c ",river,"Kh 5s 7s 2h 4s ",100,0,0,3,100,0,0,3
965,"8h As ","Jd 5s ",flop,"4s 10s Qc ",76,24,0,3,78,21,1,3
966,"5c Jh ","Qd 5d ",flop,"8s 7s 8d ",10,82,8,3,14,65,21,3
967,"Ad 7s ","Qd 10d ",preflop,"",52,47,1,3,58,42,0,3
968,"Qh 2c ","4d Qd ",preflop,"",18,26,56,2,17,33,50,3
969,"9c 10c ","Ah Jc ",preflop,"",41,57,2,3,41,58,1,3
970,"2d Jd ","Jc As ",river,"7h 9d 5s 4h 3c ",0,100,0,3,0,100,0,3
971,"3d Qd ","6d 4h ",flop,"9h 3s 2d ",69,31,0,3,53,47,0,3
972,"7h Qc ","9s 5c ",turn,"6h 5s Jd Kd ",12,88,0,3,17,83,0,3
973,"7d 7s ","Kh 7h ",preflop,"",65,34,1,3,59,38,3,3
974,"9s 6s ","4h 2s ",preflop,"",63,36,1,2,67,30,3,3
975,"3s Kd ","Jc 6h ",flop,"Qc 4d 2s ",73,26,1,3,76,23,1,3
976,"2d Kh ","Kd Jc ",preflop,"",25,63,12,3,20,71,9,2
977,"8c 9c ","7d 6d ",river,"9s 4s Js Ks 6h ",100,0,0,2,100,0,0,3
978,"10h Ah ","2c 8s ",preflop,"",70,29,1,3,72,26,2,3
979,"4s Ac ","4c 5h ",turn,"5d 10s 3h As ",79,4,17,2,84,5,11,3
980,"4d 8d ","3d Jh ",river,"9h Ac 3s Kc Kd ",0,100,0,3,0,100,0,3
981,"9s 6s ","2s 7h ",flop,"9c 8d 10d ",66,29,5,2,65,30,5,3
982,"3h 10s ","3c 4s ",river,"10h 3d 9c 10c 6h ",100,0,0,2,100,0,0,2
983,"10s Ah ","2c 9c ",river,"Ac 8h 6d 10d Jd ",100,0,0,3,100,0,0,3
984,"7h 4c ","Qd 5c ",flop,"6h Jh 10h ",64,36,0,3,53,46,1,3
985,"Kd 2c ","7d 5s ",river,"Qh 7c Kh 2d Ac ",100,0,0,3,100,0,0,3
986,"9h Ac ","3c 4d ",turn,"10c 8h Qh Qd ",83,12,5,3,79,14,7,3
987,"8c 2s ","3h 8h ",flop,"2h Js Jh ",51,39,10,3,43,49,8,3
988,"6c 4c ","Kh 2d ",river,"7c Kc 7d As 7h ",0,100,0,2,0,100,0,3
989,"Kd 3c ","Jd 8h ",preflop,"",63,37,0,3,51,47,2,3
990,"3c 5s ","2c Qs ",turn,"Qd Qc 4d Jc ",0,100,0,2,0,100,0,3
991,"4s Kd ","10s Jd ",flop,"4d 3s 8d ",82,18,0,3,69,31,0,3
992,"Kc 4s ","9h 10s ",turn,"2s 6d 6s 3d ",81,11,8,3,84,12,4,3
993,"2d Ah ","6h 2h ",turn,"9s 7c 10c 6s ",9,82,9,3,5,82,13,3
994,"7d 4s ","Ad 4c ",preflop,"",29,62,9,3,23,74,3,3
995,"9s Qc ","4s Kc ",turn,"5s 8s 2h 8c ",17,77,6,2,17,81,2,3
996,"9h 7c ","10d 10h ",turn,"4c 2d 7h 2c ",3,97,0,3,3,97,0,3
997,"9s Ah ","Js 5d ",flop,"Ks 10s 10c ",69,23,8,3,69,23,8,3
998,"Ks 6c ","6d 3d ",preflop,"",66,28,6,3,70,27,3,3
999,"6s Qd ","3c 6h ",turn,"3h 3s 7d 7s ",0,98,2,2,0,98,2,3
1000,"4s 5c ","Qs 7d ",preflop,"",47,53,0,3,35,60,5,3
